SID,SEASON,NUMBER,BASIN,SUBBASIN,NAME,ISO_TIME,NATURE,LAT,LON,WMO_WIND,WMO_PRES,WMO_AGENCY,TRACK_TYPE,DIST2LAND,LANDFALL,IFLAG,USA_AGENCY,USA_ATCF_ID,USA_LAT,USA_LON,USA_RECORD,USA_STATUS,USA_WIND,USA_PRES,USA_SSHS,USA_R34_NE,USA_R34_SE,USA_R34_SW,USA_R34_NW,USA_R50_NE,USA_R50_SE,USA_R50_SW,USA_R50_NW,USA_R64_NE,USA_R64_SE,USA_R64_SW,USA_R64_NW,USA_POCI,USA_ROCI,USA_RMW,USA_EYE,TOKYO_LAT,TOKYO_LON,TOKYO_GRADE,TOKYO_WIND,TOKYO_PRES,TOKYO_R50_DIR,TOKYO_R50_LONG,TOKYO_R50_SHORT,TOKYO_R30_DIR,TOKYO_R30_LONG,TOKYO_R30_SHORT,TOKYO_LAND,CMA_LAT,CMA_LON,CMA_CAT,CMA_WIND,CMA_PRES,HKO_LAT,HKO_LON,HKO_CAT,HKO_WIND,HKO_PRES,NEWDELHI_LAT,NEWDELHI_LON,NEWDELHI_GRADE,NEWDELHI_WIND,NEWDELHI_PRES,NEWDELHI_CI,NEWDELHI_DP,NEWDELHI_POCI,REUNION_LAT,REUNION_LON,REUNION_TYPE,REUNION_WIND,REUNION_PRES,REUNION_TNUM,REUNION_CI,REUNION_RMW,REUNION_R34_NE,REUNION_R34_SE,REUNION_R34_SW,REUNION_R34_NW,REUNION_R50_NE,REUNION_R50_SE,REUNION_R50_SW,REUNION_R50_NW,REUNION_R64_NE,REUNION_R64_SE,REUNION_R64_SW,REUNION_R64_NW,BOM_LAT,BOM_LON,BOM_TYPE,BOM_WIND,BOM_PRES,BOM_TNUM,BOM_CI,BOM_RMW,BOM_R34_NE,BOM_R34_SE,BOM_R34_SW,BOM_R34_NW,BOM_R50_NE,BOM_R50_SE,BOM_R50_SW,BOM_R50_NW,BOM_R64_NE,BOM_R64_SE,BOM_R64_SW,BOM_R64_NW,BOM_ROCI,BOM_POCI,BOM_EYE,BOM_POS_METHOD,BOM_PRES_METHOD,NADI_LAT,NADI_LON,NADI_CAT,NADI_WIND,NADI_PRES,WELLINGTON_LAT,WELLINGTON_LON,WELLINGTON_WIND,WELLINGTON_PRES,DS824_LAT,DS824_LON,DS824_STAGE,DS824_WIND,DS824_PRES,TD9636_LAT,TD9636_LON,TD9636_STAGE,TD9636_WIND,TD9636_PRES,TD9635_LAT,TD9635_LON,TD9635_WIND,TD9635_PRES,TD9635_ROCI,NEUMANN_LAT,NEUMANN_LON,NEUMANN_CLASS,NEUMANN_WIND,NEUMANN_PRES,MLC_LAT,MLC_LON,MLC_CLASS,MLC_WIND,MLC_PRES,USA_GUST,BOM_GUST,BOM_GUST_PER,REUNION_GUST,REUNION_GUST_PER,USA_SEAHGT,USA_SEARAD_NE,USA_SEARAD_SE,USA_SEARAD_SW,USA_SEARAD_NW,STORM_SPEED,STORM_DIR
 ,Year, , , , , , ,degrees_north,degrees_east,kts,mb, , ,km,km, , , ,degrees_north,degrees_east, , ,kts,mb,1,nmile,nmile,nmile,nmile,nmile,nmile,nmile,nmile,nmile,nmile,nmile,nmile,mb,nmile,nmile,nmile,degrees_north,degrees_east,1,kts,mb, ,nmile,nmile, ,nmile,nmile,1,degrees_north,degrees_east,1,kts,mb,degrees_north,degrees_east, ,kts,mb,degrees_north,degrees_east, ,kts,mb,1,mb,mb,degrees_north,degrees_east, ,kts,mb,1,1,nmile,nmile,nmile,nmile,nmile,nmile,nmile,nmile,nmile,nmile,nmile,nmile,nmile,degrees_north,degrees_east, ,kts,mb,1,1,nmile,nmile,nmile,nmile,nmile,nmile,nmile,nmile,nmile,nmile,nmile,nmile,nmile,nmile,mb,nmile, , ,degrees_north,degrees_east,1,kts,mb,degrees_north,degrees_east,kts,mb,degrees_north,degrees_east, ,kts,mb,degrees_north,degrees_east, ,kts,mb,degrees_north,degrees_east,kts,mb,nmile,degrees_north,degrees_east, ,kts,mb,degrees_north,degrees_east, ,kts,mb,kts,kts,second,kts,second,ft,nmile,nmile,nmile,nmile,kts,degrees
1884177N17124,1884,14,WP,MM,NOT_NAMED,1884-06-24 16:00:00,NR,16.5000,124.000, , , ,main,165,145,__________O___, , , , , , , , ,-5, , , , , , , , , , , , , , , , , , , , , , , , , , , , , , , , , , , , , , , , , , , , , , , , , , , , , , , , , , , , , , , , , , , , , , , , , , , , , , , , , , , , , , , , , , , , , , , , , , , , , , , , , ,16.5000,124.000,7, , , , , , , , , , , , , , , , , , , , , , , , , , , ,6,281
1884177N17124,1884,14,WP,MM,NOT_NAMED,1884-06-24 18:00:00,NR,16.5373,123.800, , , ,main,145,111,__________P___, , , , , , , , ,-5, , , , , , , , , , , , , , , , , , , , , , , , , , , , , , , , , , , , , , , , , , , , , , , , , , , , , , , , , , , , , , , , , , , , , , , , , , , , , , , , , , , , , , , , , , , , , , , , , , , , , , , , , ,16.5373,123.800,7, , , , , , , , , , , , , , , , , , , , , , , , , , , ,6,282
1884177N17124,1884,14,WP,MM,NOT_NAMED,1884-06-24 21:00:00,NR,16.5978,123.500, , , ,main,111,77,__________P___, , , , , , , , ,-5, , , , , , , , , , , , , , , , , , , , , , , , , , , , , , , , , , , , , , , , , , , , , , , , , , , , , , , , , , , , , , , , , , , , , , , , , , , , , , , , , , , , , , , , , , , , , , , , , , , , , , , , , ,16.5978,123.500,7, , , , , , , , , , , , , , , , , , , , , , , , , , , ,6,283
1884177N17124,1884,14,WP,MM,NOT_NAMED,1884-06-25 00:00:00,NR,16.6706,123.200, , , ,main,77,44,__________P___, , , , , , , , ,-5, , , , , , , , , , , , , , , , , , , , , , , , , , , , , , , , , , , , , , , , , , , , , , , , , , , , , , , , , , , , , , , , , , , , , , , , , , , , , , , , , , , , , , , , , , , , , , , , , , , , , , , , , ,16.6706,123.200,7, , , , , , , , , , , , , , , , , , , , , , , , , , , ,6,286
1884177N17124,1884,14,WP,MM,NOT_NAMED,1884-06-25 03:00:00,NR,16.7633,122.900, , , ,main,44,33,__________P___, , , , , , , , ,-5, , , , , , , , , , , , , , , , , , , , , , , , , , , , , , , , , , , , , , , , , , , , , , , , , , , , , , , , , , , , , , , , , , , , , , , , , , , , , , , , , , , , , , , , , , , , , , , , , , , , , , , , , ,16.7633,122.900,7, , , , , , , , , , , , , , , , , , , , , , , , , , , ,6,289
1884177N17124,1884,14,WP,MM,NOT_NAMED,1884-06-25 04:00:00,NR,16.8000,122.800, , , ,main,33,10,__________O___, , , , , , , , ,-5, , , , , , , , , , , , , , , , , , , , , , , , , , , , , , , , , , , , , , , , , , , , , , , , , , , , , , , , , , , , , , , , , , , , , , , , , , , , , , , , , , , , , , , , , , , , , , , , , , , , , , , , , ,16.8000,122.800,7, , , , , , , , , , , , , , , , , , , , , , , , , , , ,6,293
1884177N17124,1884,14,WP,MM,NOT_NAMED,1884-06-25 06:00:00,NR,16.8828,122.600, , , ,main,10,0,__________P___, , , , , , , , ,-5, , , , , , , , , , , , , , , , , , , , , , , , , , , , , , , , , , , , , , , , , , , , , , , , , , , , , , , , , , , , , , , , , , , , , , , , , , , , , , , , , , , , , , , , , , , , , , , , , , , , , , , , , ,16.8828,122.600,7, , , , , , , , , , , , , , , , , , , , , , , , , , , ,6,295
1884177N17124,1884,14,WP,MM,NOT_NAMED,1884-06-25 09:00:00,NR,17.0259,122.300, , , ,main,0,0,__________P___, , , , , , , , ,-5, , , , , , , , , , , , , , , , , , , , , , , , , , , , , , , , , , , , , , , , , , , , , , , , , , , , , , , , , , , , , , , , , , , , , , , , , , , , , , , , , , , , , , , , , , , , , , , , , , , , , , , , , ,17.0259,122.300,7, , , , , , , , , , , , , , , , , , , , , , , , , , , ,6,298
1884177N17124,1884,14,WP,MM,NOT_NAMED,1884-06-25 12:00:00,NR,17.1835,122.000, , , ,main,0,0,__________P___, , , , , , , , ,-5, , , , , , , , , , , , , , , , , , , , , , , , , , , , , , , , , , , , , , , , , , , , , , , , , , , , , , , , , , , , , , , , , , , , , , , , , , , , , , , , , , , , , , , , , , , , , , , , , , , , , , , , , ,17.1835,122.000,7, , , , , , , , , , , , , , , , , , , , , , , , , , , ,7,299
1884177N17124,1884,14,WP,MM,NOT_NAMED,1884-06-25 15:00:00,NR,17.3463,121.700, , , ,main,0,0,__________P___, , , , , , , , ,-5, , , , , , , , , , , , , , , , , , , , , , , , , , , , , , , , , , , , , , , , , , , , , , , , , , , , , , , , , , , , , , , , , , , , , , , , , , , , , , , , , , , , , , , , , , , , , , , , , , , , , , , , , ,17.3463,121.700,7, , , , , , , , , , , , , , , , , , , , , , , , , , , ,7,300
1884177N17124,1884,14,WP,MM,NOT_NAMED,1884-06-25 16:00:00,NR,17.4000,121.600, , , ,main,0,0,__________O___, , , , , , , , ,-5, , , , , , , , , , , , , , , , , , , , , , , , , , , , , , , , , , , , , , , , , , , , , , , , , , , , , , , , , , , , , , , , , , , , , , , , , , , , , , , , , , , , , , , , , , , , , , , , , , , , , , , , , ,17.4000,121.600,7, , , , , , , , , , , , , , , , , , , , , , , , , , , ,7,298
1884177N17124,1884,14,WP,MM,NOT_NAMED,1884-06-25 18:00:00,NR,17.5000,121.395, , , ,main,0,0,__________P___, , , , , , , , ,-5, , , , , , , , , , , , , , , , , , , , , , , , , , , , , , , , , , , , , , , , , , , , , , , , , , , , , , , , , , , , , , , , , , , , , , , , , , , , , , , , , , , , , , , , , , , , , , , , , , , , , , , , , ,17.5000,121.395,7, , , , , , , , , , , , , , , , , , , , , , , , , , , ,7,297
1884177N17124,1884,14,WP,MM,NOT_NAMED,1884-06-25 21:00:00,NR,17.6499,121.087, , , ,main,0,0,__________P___, , , , , , , , ,-5, , , , , , , , , , , , , , , , , , , , , , , , , , , , , , , , , , , , , , , , , , , , , , , , , , , , , , , , , , , , , , , , , , , , , , , , , , , , , , , , , , , , , , , , , , , , , , , , , , , , , , , , , ,17.6499,121.087,7, , , , , , , , , , , , , , , , , , , , , , , , , , , ,7,297
1884177N17124,1884,14,WP,MM,NOT_NAMED,1884-06-26 00:00:00,NR,17.8000,120.784, , , ,main,0,0,__________P___, , , , , , , , ,-5, , , , , , , , , , , , , , , , , , , , , , , , , , , , , , , , , , , , , , , , , , , , , , , , , , , , , , , , , , , , , , , , , , , , , , , , , , , , , , , , , , , , , , , , , , , , , , , , , , , , , , , , , ,17.8000,120.784,7, , , , , , , , , , , , , , , , , , , , , , , , , , , ,6,298
1884177N17124,1884,14,WP,MM,NOT_NAMED,1884-06-26 03:00:00,NR,17.9500,120.493, , , ,main,0,0,__________P___, , , , , , , , ,-5, , , , , , , , , , , , , , , , , , , , , , , , , , , , , , , , , , , , , , , , , , , , , , , , , , , , , , , , , , , , , , , , , , , , , , , , , , , , , , , , , , , , , , , , , , , , , , , , , , , , , , , , , ,17.9500,120.493,7, , , , , , , , , , , , , , , , , , , , , , , , , , , ,6,299
1884177N17124,1884,14,WP,MM,NOT_NAMED,1884-06-26 04:00:00,NR,18.0000,120.400, , , ,main,10,10,__________O___, , , , , , , , ,-5, , , , , , , , , , , , , , , , , , , , , , , , , , , , , , , , , , , , , , , , , , , , , , , , , , , , , , , , , , , , , , , , , , , , , , , , , , , , , , , , , , , , , , , , , , , , , , , , , , , , , , , , , ,18.0000,120.400,7, , , , , , , , , , , , , , , , , , , , , , , , , , , ,6,299
1884177N17124,1884,14,WP,MM,NOT_NAMED,1884-06-26 06:00:00,NR,18.0920,120.222, , , ,main,31,31,__________P___, , , , , , , , ,-5, , , , , , , , , , , , , , , , , , , , , , , , , , , , , , , , , , , , , , , , , , , , , , , , , , , , , , , , , , , , , , , , , , , , , , , , , , , , , , , , , , , , , , , , , , , , , , , , , , , , , , , , , ,18.0920,120.222,7, , , , , , , , , , , , , , , , , , , , , , , , , , , ,6,299
1884177N17124,1884,14,WP,MM,NOT_NAMED,1884-06-26 09:00:00,NR,18.2299,119.967, , , ,main,54,54,__________P___, , , , , , , , ,-5, , , , , , , , , , , , , , , , , , , , , , , , , , , , , , , , , , , , , , , , , , , , , , , , , , , , , , , , , , , , , , , , , , , , , , , , , , , , , , , , , , , , , , , , , , , , , , , , , , , , , , , , , ,18.2299,119.967,7, , , , , , , , , , , , , , , , , , , , , , , , , , , ,6,301
1884177N17124,1884,14,WP,MM,NOT_NAMED,1884-06-26 12:00:00,NR,18.3761,119.722, , , ,main,90,90,__________P___, , , , , , , , ,-5, , , , , , , , , , , , , , , , , , , , , , , , , , , , , , , , , , , , , , , , , , , , , , , , , , , , , , , , , , , , , , , , , , , , , , , , , , , , , , , , , , , , , , , , , , , , , , , , , , , , , , , , , ,18.3761,119.722,7, , , , , , , , , , , , , , , , , , , , , , , , , , , ,6,304
1884177N17124,1884,14,WP,MM,NOT_NAMED,1884-06-26 15:00:00,NR,18.5399,119.481, , , ,main,114,114,__________P___, , , , , , , , ,-5, , , , , , , , , , , , , , , , , , , , , , , , , , , , , , , , , , , , , , , , , , , , , , , , , , , , , , , , , , , , , , , , , , , , , , , , , , , , , , , , , , , , , , , , , , , , , , , , , , , , , , , , , ,18.5399,119.481,7, , , , , , , , , , , , , , , , , , , , , , , , , , , ,6,306
1884177N17124,1884,14,WP,MM,NOT_NAMED,1884-06-26 16:00:00,NR,18.6000,119.400, , , ,main,128,128,__________O___, , , , , , , , ,-5, , , , , , , , , , , , , , , , , , , , , , , , , , , , , , , , , , , , , , , , , , , , , , , , , , , , , , , , , , , , , , , , , , , , , , , , , , , , , , , , , , , , , , , , , , , , , , , , , , , , , , , , , ,18.6000,119.400,7, , , , , , , , , , , , , , , , , , , , , , , , , , , ,6,308
1884177N17124,1884,14,WP,MM,NOT_NAMED,1884-06-26 18:00:00,NR,18.7329,119.218, , , ,main,151,151,__________P___, , , , , , , , ,-5, , , , , , , , , , , , , , , , , , , , , , , , , , , , , , , , , , , , , , , , , , , , , , , , , , , , , , , , , , , , , , , , , , , , , , , , , , , , , , , , , , , , , , , , , , , , , , , , , , , , , , , , , ,18.7329,119.218,7, , , , , , , , , , , , , , , , , , , , , , , , , , , ,7,309
1884177N17124,1884,14,WP,MM,NOT_NAMED,1884-06-26 21:00:00,NR,18.9512,118.944, , , ,main,191,191,__________P___, , , , , , , , ,-5, , , , , , , , , , , , , , , , , , , , , , , , , , , , , , , , , , , , , , , , , , , , , , , , , , , , , , , , , , , , , , , , , , , , , , , , , , , , , , , , , , , , , , , , , , , , , , , , , , , , , , , , , ,18.9512,118.944,7, , , , , , , , , , , , , , , , , , , , , , , , , , , ,7,312
1884177N17124,1884,14,WP,MM,NOT_NAMED,1884-06-27 00:00:00,NR,19.1838,118.686, , , ,main,219,219,__________P___, , , , , , , , ,-5, , , , , , , , , , , , , , , , , , , , , , , , , , , , , , , , , , , , , , , , , , , , , , , , , , , , , , , , , , , , , , , , , , , , , , , , , , , , , , , , , , , , , , , , , , , , , , , , , , , , , , , , , ,19.1838,118.686,7, , , , , , , , , , , , , , , , , , , , , , , , , , , ,7,316
1884177N17124,1884,14,WP,MM,NOT_NAMED,1884-06-27 03:00:00,NR,19.4214,118.463, , , ,main,247,247,__________P___, , , , , , , , ,-5, , , , , , , , , , , , , , , , , , , , , , , , , , , , , , , , , , , , , , , , , , , , , , , , , , , , , , , , , , , , , , , , , , , , , , , , , , , , , , , , , , , , , , , , , , , , , , , , , , , , , , , , , ,19.4214,118.463,7, , , , , , , , , , , , , , , , , , , , , , , , , , , ,6,319
1884177N17124,1884,14,WP,MM,NOT_NAMED,1884-06-27 04:00:00,NR,19.5000,118.400, , , ,main,262,262,__________O___, , , , , , , , ,-5, , , , , , , , , , , , , , , , , , , , , , , , , , , , , , , , , , , , , , , , , , , , , , , , , , , , , , , , , , , , , , , , , , , , , , , , , , , , , , , , , , , , , , , , , , , , , , , , , , , , , , , , , ,19.5000,118.400,4, , , , , , , , , , , , , , , , , , , , , , , , , , , ,6,322
1884177N17124,1884,14,WP,MM,NOT_NAMED,1884-06-27 06:00:00,NR,19.6446,118.281, , , ,main,276,282,__________P___, , , , , , , , ,-5, , , , , , , , , , , , , , , , , , , , , , , , , , , , , , , , , , , , , , , , , , , , , , , , , , , , , , , , , , , , , , , , , , , , , , , , , , , , , , , , , , , , , , , , , , , , , , , , , , , , , , , , , ,19.6446,118.281,4, , , , , , , , , , , , , , , , , , , , , , , , , , , ,5,325
1884177N17124,1884,14,WP,MM,NOT_NAMED,1884-06-27 09:00:00,NR,19.8616,118.139, , , ,main,311,311,__________P___, , , , , , , , ,-5, , , , , , , , , , , , , , , , , , , , , , , , , , , , , , , , , , , , , , , , , , , , , , , , , , , , , , , , , , , , , , , , , , , , , , , , , , , , , , , , , , , , , , , , , , , , , , , , , , , , , , , , , ,19.8616,118.139,4, , , , , , , , , , , , , , , , , , , , , , , , , , , ,5,334
1884177N17124,1884,14,WP,MM,NOT_NAMED,1884-06-27 12:00:00,NR,20.0840,118.046, , , ,main,332,329,__________P___, , , , , , , , ,-5, , , , , , , , , , , , , , , , , , , , , , , , , , , , , , , , , , , , , , , , , , , , , , , , , , , , , , , , , , , , , , , , , , , , , , , , , , , , , , , , , , , , , , , , , , , , , , , , , , , , , , , , , ,20.0840,118.046,4, , , , , , , , , , , , , , , , , , , , , , , , , , , ,5,344
1884177N17124,1884,14,WP,MM,NOT_NAMED,1884-06-27 15:00:00,NR,20.3183,118.003, , , ,main,329,319,__________P___, , , , , , , , ,-5, , , , , , , , , , , , , , , , , , , , , , , , , , , , , , , , , , , , , , , , , , , , , , , , , , , , , , , , , , , , , , , , , , , , , , , , , , , , , , , , , , , , , , , , , , , , , , , , , , , , , , , , , ,20.3183,118.003,4, , , , , , , , , , , , , , , , , , , , , , , , , , , ,5,352
1884177N17124,1884,14,WP,MM,NOT_NAMED,1884-06-27 16:00:00,NR,20.4000,118.000, , , ,main,319,300,__________O___, , , , , , , , ,-5, , , , , , , , , , , , , , , , , , , , , , , , , , , , , , , , , , , , , , , , , , , , , , , , , , , , , , , , , , , , , , , , , , , , , , , , , , , , , , , , , , , , , , , , , , , , , , , , , , , , , , , , , ,20.4000,118.000,4, , , , , , , , , , , , , , , , , , , , , , , , , , , ,5,5
1884177N17124,1884,14,WP,MM,NOT_NAMED,1884-06-27 18:00:00,NR,20.5798,118.005, , , ,main,300,277,__________P___, , , , , , , , ,-5, , , , , , , , , , , , , , , , , , , , , , , , , , , , , , , , , , , , , , , , , , , , , , , , , , , , , , , , , , , , , , , , , , , , , , , , , , , , , , , , , , , , , , , , , , , , , , , , , , , , , , , , , ,20.5798,118.005,4, , , , , , , , , , , , , , , , , , , , , , , , , , , ,6,6
1884177N17124,1884,14,WP,MM,NOT_NAMED,1884-06-27 21:00:00,NR,20.8622,118.056, , , ,main,277,260,__________P___, , , , , , , , ,-5, , , , , , , , , , , , , , , , , , , , , , , , , , , , , , , , , , , , , , , , , , , , , , , , , , , , , , , , , , , , , , , , , , , , , , , , , , , , , , , , , , , , , , , , , , , , , , , , , , , , , , , , , ,20.8622,118.056,4, , , , , , , , , , , , , , , , , , , , , , , , , , , ,6,13
1884177N17124,1884,14,WP,MM,NOT_NAMED,1884-06-28 00:00:00,NR,21.1461,118.146, , , ,main,260,240,__________P___, , , , , , , , ,-5, , , , , , , , , , , , , , , , , , , , , , , , , , , , , , , , , , , , , , , , , , , , , , , , , , , , , , , , , , , , , , , , , , , , , , , , , , , , , , , , , , , , , , , , , , , , , , , , , , , , , , , , , ,21.1461,118.146,4, , , , , , , , , , , , , , , , , , , , , , , , , , , ,6,19
1884177N17124,1884,14,WP,MM,NOT_NAMED,1884-06-28 03:00:00,NR,21.4159,118.260, , , ,main,240,234,__________P___, , , , , , , , ,-5, , , , , , , , , , , , , , , , , , , , , , , , , , , , , , , , , , , , , , , , , , , , , , , , , , , , , , , , , , , , , , , , , , , , , , , , , , , , , , , , , , , , , , , , , , , , , , , , , , , , , , , , , ,21.4159,118.260,4, , , , , , , , , , , , , , , , , , , , , , , , , , , ,6,22
1884177N17124,1884,14,WP,MM,NOT_NAMED,1884-06-28 04:00:00,NR,21.5000,118.300, , , ,main,234,215,__________O___, , , , , , , , ,-5, , , , , , , , , , , , , , , , , , , , , , , , , , , , , , , , , , , , , , , , , , , , , , , , , , , , , , , , , , , , , , , , , , , , , , , , , , , , , , , , , , , , , , , , , , , , , , , , , , , , , , , , , ,21.5000,118.300,4, , , , , , , , , , , , , , , , , , , , , , , , , , , ,5,22
1884177N17124,1884,14,WP,MM,NOT_NAMED,1884-06-28 06:00:00,NR,21.6531,118.367, , , ,main,215,197,__________P___, , , , , , , , ,-5, , , , , , , , , , , , , , , , , , , , , , , , , , , , , , , , , , , , , , , , , , , , , , , , , , , , , , , , , , , , , , , , , , , , , , , , , , , , , , , , , , , , , , , , , , , , , , , , , , , , , , , , , ,21.6531,118.367,4, , , , , , , , , , , , , , , , , , , , , , , , , , , ,5,25
1884177N17124,1884,14,WP,MM,NOT_NAMED,1884-06-28 09:00:00,NR,21.8638,118.479, , , ,main,197,180,__________P___, , , , , , , , ,-5, , , , , , , , , , , , , , , , , , , , , , , , , , , , , , , , , , , , , , , , , , , , , , , , , , , , , , , , , , , , , , , , , , , , , , , , , , , , , , , , , , , , , , , , , , , , , , , , , , , , , , , , , ,21.8638,118.479,4, , , , , , , , , , , , , , , , , , , , , , , , , , , ,5,29
1884177N17124,1884,14,WP,MM,NOT_NAMED,1884-06-28 12:00:00,NR,22.0575,118.607, , , ,main,180,167,__________P___, , , , , , , , ,-5, , , , , , , , , , , , , , , , , , , , , , , , , , , , , , , , , , , , , , , , , , , , , , , , , , , , , , , , , , , , , , , , , , , , , , , , , , , , , , , , , , , , , , , , , , , , , , , , , , , , , , , , , ,22.0575,118.607,4, , , , , , , , , , , , , , , , , , , , , , , , , , , ,5,34
1884177N17124,1884,14,WP,MM,NOT_NAMED,1884-06-28 15:00:00,NR,22.2404,118.749, , , ,main,167,154,__________P___, , , , , , , , ,-5, , , , , , , , , , , , , , , , , , , , , , , , , , , , , , , , , , , , , , , , , , , , , , , , , , , , , , , , , , , , , , , , , , , , , , , , , , , , , , , , , , , , , , , , , , , , , , , , , , , , , , , , , ,22.2404,118.749,4, , , , , , , , , , , , , , , , , , , , , , , , , , , ,5,36
1884177N17124,1884,14,WP,MM,NOT_NAMED,1884-06-28 16:00:00,NR,22.3000,118.800, , , ,main,154,140,__________O___, , , , , , , , ,-5, , , , , , , , , , , , , , , , , , , , , , , , , , , , , , , , , , , , , , , , , , , , , , , , , , , , , , , , , , , , , , , , , , , , , , , , , , , , , , , , , , , , , , , , , , , , , , , , , , , , , , , , , ,22.3000,118.800,4, , , , , , , , , , , , , , , , , , , , , , , , , , , ,4,42
1884177N17124,1884,14,WP,MM,NOT_NAMED,1884-06-28 18:00:00,NR,22.3776,118.885, , , ,main,140,127,__________P___, , , , , , , , ,-5, , , , , , , , , , , , , , , , , , , , , , , , , , , , , , , , , , , , , , , , , , , , , , , , , , , , , , , , , , , , , , , , , , , , , , , , , , , , , , , , , , , , , , , , , , , , , , , , , , , , , , , , , ,22.3776,118.885,4, , , , , , , , , , , , , , , , , , , , , , , , , , , ,3,48
1884177N17124,1884,14,WP,MM,NOT_NAMED,1884-06-28 21:00:00,NR,22.4867,119.025, , , ,main,127,104,__________P___, , , , , , , , ,-5, , , , , , , , , , , , , , , , , , , , , , , , , , , , , , , , , , , , , , , , , , , , , , , , , , , , , , , , , , , , , , , , , , , , , , , , , , , , , , , , , , , , , , , , , , , , , , , , , , , , , , , , , ,22.4867,119.025,4, , , , , , , , , , , , , , , , , , , , , , , , , , , ,4,48
1884177N17124,1884,14,WP,MM,NOT_NAMED,1884-06-29 00:00:00,NR,22.6373,119.195, , , ,main,104,75,__________P___, , , , , , , , ,-5, , , , , , , , , , , , , , , , , , , , , , , , , , , , , , , , , , , , , , , , , , , , , , , , , , , , , , , , , , , , , , , , , , , , , , , , , , , , , , , , , , , , , , , , , , , , , , , , , , , , , , , , , ,22.6373,119.195,4, , , , , , , , , , , , , , , , , , , , , , , , , , , ,5,42
1884177N17124,1884,14,WP,MM,NOT_NAMED,1884-06-29 03:00:00,NR,22.8857,119.413, , , ,main,75,62,__________P___, , , , , , , , ,-5, , , , , , , , , , , , , , , , , , , , , , , , , , , , , , , , , , , , , , , , , , , , , , , , , , , , , , , , , , , , , , , , , , , , , , , , , , , , , , , , , , , , , , , , , , , , , , , , , , , , , , , , , ,22.8857,119.413,4, , , , , , , , , , , , , , , , , , , , , , , , , , , ,7,38
1884177N17124,1884,14,WP,MM,NOT_NAMED,1884-06-29 04:00:00,NR,23.0000,119.500, , , ,main,62,42,__________O___, , , , , , , , ,-5, , , , , , , , , , , , , , , , , , , , , , , , , , , , , , , , , , , , , , , , , , , , , , , , , , , , , , , , , , , , , , , , , , , , , , , , , , , , , , , , , , , , , , , , , , , , , , , , , , , , , , , , , ,23.0000,119.500,4, , , , , , , , , , , , , , , , , , , , , , , , , , , ,10,29
1884177N17124,1884,14,WP,MM,NOT_NAMED,1884-06-29 06:00:00,NR,23.3314,119.677, , , ,main,42,23,__________P___, , , , , , , , ,-5, , , , , , , , , , , , , , , , , , , , , , , , , , , , , , , , , , , , , , , , , , , , , , , , , , , , , , , , , , , , , , , , , , , , , , , , , , , , , , , , , , , , , , , , , , , , , , , , , , , , , , , , , ,23.3314,119.677,4, , , , , , , , , , , , , , , , , , , , , , , , , , , ,13,26
1884177N17124,1884,14,WP,MM,NOT_NAMED,1884-06-29 09:00:00,NR,23.9365,119.994, , , ,main,30,20,__________P___, , , , , , , , ,-5, , , , , , , , , , , , , , , , , , , , , , , , , , , , , , , , , , , , , , , , , , , , , , , , , , , , , , , , , , , , , , , , , , , , , , , , , , , , , , , , , , , , , , , , , , , , , , , , , , , , , , , , , ,23.9365,119.994,4, , , , , , , , , , , , , , , , , , , , , , , , , , , ,14,27
1884177N17124,1884,14,WP,MM,NOT_NAMED,1884-06-29 12:00:00,NR,24.5936,120.376, , , ,main,30,23,__________P___, , , , , , , , ,-5, , , , , , , , , , , , , , , , , , , , , , , , , , , , , , , , , , , , , , , , , , , , , , , , , , , , , , , , , , , , , , , , , , , , , , , , , , , , , , , , , , , , , , , , , , , , , , , , , , , , , , , , , ,24.5936,120.376,4, , , , , , , , , , , , , , , , , , , , , , , , , , , ,15,31
1884177N17124,1884,14,WP,MM,NOT_NAMED,1884-06-29 15:00:00,NR,25.2156,120.831, , , ,main,30,24,__________P___, , , , , , , , ,-5, , , , , , , , , , , , , , , , , , , , , , , , , , , , , , , , , , , , , , , , , , , , , , , , , , , , , , , , , , , , , , , , , , , , , , , , , , , , , , , , , , , , , , , , , , , , , , , , , , , , , , , , , ,25.2156,120.831,4, , , , , , , , , , , , , , , , , , , , , , , , , , , ,15,35
1884177N17124,1884,14,WP,MM,NOT_NAMED,1884-06-29 16:00:00,NR,25.4000,121.000, , , ,main,39,39,__________O___, , , , , , , , ,-5, , , , , , , , , , , , , , , , , , , , , , , , , , , , , , , , , , , , , , , , , , , , , , , , , , , , , , , , , , , , , , , , , , , , , , , , , , , , , , , , , , , , , , , , , , , , , , , , , , , , , , , , , ,25.4000,121.000,7, , , , , , , , , , , , , , , , , , , , , , , , , , , ,14,43
1884177N17124,1884,14,WP,MM,NOT_NAMED,1884-06-29 18:00:00,NR,25.7213,121.363, , , ,main,55,55,__________P___, , , , , , , , ,-5, , , , , , , , , , , , , , , , , , , , , , , , , , , , , , , , , , , , , , , , , , , , , , , , , , , , , , , , , , , , , , , , , , , , , , , , , , , , , , , , , , , , , , , , , , , , , , , , , , , , , , , , , ,25.7213,121.363,7, , , , , , , , , , , , , , , , , , , , , , , , , , , ,13,51
1884177N17124,1884,14,WP,MM,NOT_NAMED,1884-06-29 21:00:00,NR,26.1008,121.959, , , ,main,108,108,__________P___, , , , , , , , ,-5, , , , , , , , , , , , , , , , , , , , , , , , , , , , , , , , , , , , , , , , , , , , , , , , , , , , , , , , , , , , , , , , , , , , , , , , , , , , , , , , , , , , , , , , , , , , , , , , , , , , , , , , , ,26.1008,121.959,7, , , , , , , , , , , , , , , , , , , , , , , , , , , ,13,59
1884177N17124,1884,14,WP,MM,NOT_NAMED,1884-06-30 00:00:00,NR,26.3902,122.603, , , ,main,167,167,__________P___, , , , , , , , ,-5, , , , , , , , , , , , , , , , , , , , , , , , , , , , , , , , , , , , , , , , , , , , , , , , , , , , , , , , , , , , , , , , , , , , , , , , , , , , , , , , , , , , , , , , , , , , , , , , , , , , , , , , , ,26.3902,122.603,7, , , , , , , , , , , , , , , , , , , , , , , , , , , ,13,66
1884177N17124,1884,14,WP,MM,NOT_NAMED,1884-06-30 03:00:00,NR,26.6266,123.274, , , ,main,221,221,__________P___, , , , , , , , ,-5, , , , , , , , , , , , , , , , , , , , , , , , , , , , , , , , , , , , , , , , , , , , , , , , , , , , , , , , , , , , , , , , , , , , , , , , , , , , , , , , , , , , , , , , , , , , , , , , , , , , , , , , , ,26.6266,123.274,7, , , , , , , , , , , , , , , , , , , , , , , , , , , ,13,69
1884177N17124,1884,14,WP,MM,NOT_NAMED,1884-06-30 04:00:00,NR,26.7000,123.500, , , ,main,241, ,__________O___, , , , , , , , ,-5, , , , , , , , , , , , , , , , , , , , , , , , , , , , , , , , , , , , , , , , , , , , , , , , , , , , , , , , , , , , , , , , , , , , , , , , , , , , , , , , , , , , , , , , , , , , , , , , , , , , , , , , , ,26.7000,123.500,7, , , , , , , , , , , , , , , , , , , , , , , , , , , ,13,70
1884186N16125,1884,16,WP,MM,NOT_NAMED,1884-07-03 16:00:00,NR,16.1000,125.200, , , ,main,254,243,__________O___, , , , , , , , ,-5, , , , , , , , , , , , , , , , , , , , , , , , , , , , , , , , , , , , , , , , , , , , , , , , , , , , , , , , , , , , , , , , , , , , , , , , , , , , , , , , , , , , , , , , , , , , , , , , , , , , , , , , , ,16.1000,125.200,4, , , , , , , , , , , , , , , , , , , , , , , , , , , ,9,272
1884186N16125,1884,16,WP,MM,NOT_NAMED,1884-07-03 18:00:00,NR,16.1115,124.877, , , ,main,243,221,__________P___, , , , , , , , ,-5, , , , , , , , , , , , , , , , , , , , , , , , , , , , , , , , , , , , , , , , , , , , , , , , , , , , , , , , , , , , , , , , , , , , , , , , , , , , , , , , , , , , , , , , , , , , , , , , , , , , , , , , , ,16.1115,124.877,4, , , , , , , , , , , , , , , , , , , , , , , , , , , ,9,272
1884186N16125,1884,16,WP,MM,NOT_NAMED,1884-07-03 21:00:00,NR,16.1303,124.382, , , ,main,221,168,__________P___, , , , , , , , ,-5, , , , , , , , , , , , , , , , , , , , , , , , , , , , , , , , , , , , , , , , , , , , , , , , , , , , , , , , , , , , , , , , , , , , , , , , , , , , , , , , , , , , , , , , , , , , , , , , , , , , , , , , , ,16.1303,124.382,4, , , , , , , , , , , , , , , , , , , , , , , , , , , ,10,273
1884186N16125,1884,16,WP,MM,NOT_NAMED,1884-07-04 00:00:00,NR,16.1542,123.862, , , ,main,168,115,__________P___, , , , , , , , ,-5, , , , , , , , , , , , , , , , , , , , , , , , , , , , , , , , , , , , , , , , , , , , , , , , , , , , , , , , , , , , , , , , , , , , , , , , , , , , , , , , , , , , , , , , , , , , , , , , , , , , , , , , , ,16.1542,123.862,4, , , , , , , , , , , , , , , , , , , , , , , , , , , ,10,273
1884186N16125,1884,16,WP,MM,NOT_NAMED,1884-07-04 03:00:00,NR,16.1867,123.299, , , ,main,115,96,__________P___, , , , , , , , ,-5, , , , , , , , , , , , , , , , , , , , , , , , , , , , , , , , , , , , , , , , , , , , , , , , , , , , , , , , , , , , , , , , , , , , , , , , , , , , , , , , , , , , , , , , , , , , , , , , , , , , , , , , , ,16.1867,123.299,4, , , , , , , , , , , , , , , , , , , , , , , , , , , ,11,274
1884186N16125,1884,16,WP,MM,NOT_NAMED,1884-07-04 04:00:00,NR,16.2000,123.100, , , ,main,96,53,__________O___, , , , , , , , ,-5, , , , , , , , , , , , , , , , , , , , , , , , , , , , , , , , , , , , , , , , , , , , , , , , , , , , , , , , , , , , , , , , , , , , , , , , , , , , , , , , , , , , , , , , , , , , , , , , , , , , , , , , , ,16.2000,123.100,4, , , , , , , , , , , , , , , , , , , , , , , , , , , ,12,274
1884186N16125,1884,16,WP,MM,NOT_NAMED,1884-07-04 06:00:00,NR,16.2311,122.683, , , ,main,53,0,__________P___, , , , , , , , ,-5, , , , , , , , , , , , , , , , , , , , , , , , , , , , , , , , , , , , , , , , , , , , , , , , , , , , , , , , , , , , , , , , , , , , , , , , , , , , , , , , , , , , , , , , , , , , , , , , , , , , , , , , , ,16.2311,122.683,4, , , , , , , , , , , , , , , , , , , , , , , , , , , ,12,275
1884186N16125,1884,16,WP,MM,NOT_NAMED,1884-07-04 09:00:00,NR,16.2900,122.031, , , ,main,0,0,__________P___, , , , , , , , ,-5, , , , , , , , , , , , , , , , , , , , , , , , , , , , , , , , , , , , , , , , , , , , , , , , , , , , , , , , , , , , , , , , , , , , , , , , , , , , , , , , , , , , , , , , , , , , , , , , , , , , , , , , , ,16.2900,122.031,4, , , , , , , , , , , , , , , , , , , , , , , , , , , ,13,276
1884186N16125,1884,16,WP,MM,NOT_NAMED,1884-07-04 12:00:00,NR,16.3661,121.384, , , ,main,0,0,__________P___, , , , , , , , ,-5, , , , , , , , , , , , , , , , , , , , , , , , , , , , , , , , , , , , , , , , , , , , , , , , , , , , , , , , , , , , , , , , , , , , , , , , , , , , , , , , , , , , , , , , , , , , , , , , , , , , , , , , , ,16.3661,121.384,4, , , , , , , , , , , , , , , , , , , , , , , , , , , ,12,278
1884186N16125,1884,16,WP,MM,NOT_NAMED,1884-07-04 15:00:00,NR,16.4627,120.783, , , ,main,0,0,__________P___, , , , , , , , ,-5, , , , , , , , , , , , , , , , , , , , , , , , , , , , , , , , , , , , , , , , , , , , , , , , , , , , , , , , , , , , , , , , , , , , , , , , , , , , , , , , , , , , , , , , , , , , , , , , , , , , , , , , , ,16.4627,120.783,4, , , , , , , , , , , , , , , , , , , , , , , , , , , ,11,280
1884186N16125,1884,16,WP,MM,NOT_NAMED,1884-07-04 16:00:00,NR,16.5000,120.600, , , ,main,0,0,__________O___, , , , , , , , ,-5, , , , , , , , , , , , , , , , , , , , , , , , , , , , , , , , , , , , , , , , , , , , , , , , , , , , , , , , , , , , , , , , , , , , , , , , , , , , , , , , , , , , , , , , , , , , , , , , , , , , , , , , , ,16.5000,120.600,4, , , , , , , , , , , , , , , , , , , , , , , , , , , ,10,284
1884186N16125,1884,16,WP,MM,NOT_NAMED,1884-07-04 18:00:00,NR,16.5822,120.274, , , ,main,0,10,__________P___, , , , , , , , ,-5, , , , , , , , , , , , , , , , , , , , , , , , , , , , , , , , , , , , , , , , , , , , , , , , , , , , , , , , , , , , , , , , , , , , , , , , , , , , , , , , , , , , , , , , , , , , , , , , , , , , , , , , , ,16.5822,120.274,4, , , , , , , , , , , , , , , , , , , , , , , , , , , ,9,287
1884186N16125,1884,16,WP,MM,NOT_NAMED,1884-07-04 21:00:00,NR,16.7251,119.842, , , ,main,44,44,__________P___, , , , , , , , ,-5, , , , , , , , , , , , , , , , , , , , , , , , , , , , , , , , , , , , , , , , , , , , , , , , , , , , , , , , , , , , , , , , , , , , , , , , , , , , , , , , , , , , , , , , , , , , , , , , , , , , , , , , , ,16.7251,119.842,4, , , , , , , , , , , , , , , , , , , , , , , , , , , ,8,291
1884186N16125,1884,16,WP,MM,NOT_NAMED,1884-07-05 00:00:00,NR,16.8829,119.461, , , ,main,74,79,__________P___, , , , , , , , ,-5, , , , , , , , , , , , , , , , , , , , , , , , , , , , , , , , , , , , , , , , , , , , , , , , , , , , , , , , , , , , , , , , , , , , , , , , , , , , , , , , , , , , , , , , , , , , , , , , , , , , , , , , , ,16.8829,119.461,4, , , , , , , , , , , , , , , , , , , , , , , , , , , ,8,295
1884186N16125,1884,16,WP,MM,NOT_NAMED,1884-07-05 03:00:00,NR,17.0461,119.112, , , ,main,108,116,__________P___, , , , , , , , ,-5, , , , , , , , , , , , , , , , , , , , , , , , , , , , , , , , , , , , , , , , , , , , , , , , , , , , , , , , , , , , , , , , , , , , , , , , , , , , , , , , , , , , , , , , , , , , , , , , , , , , , , , , , ,17.0461,119.112,4, , , , , , , , , , , , , , , , , , , , , , , , , , , ,7,296
1884186N16125,1884,16,WP,MM,NOT_NAMED,1884-07-05 04:00:00,NR,17.1000,119.000, , , ,main,123,123,__________O___, , , , , , , , ,-5, , , , , , , , , , , , , , , , , , , , , , , , , , , , , , , , , , , , , , , , , , , , , , , , , , , , , , , , , , , , , , , , , , , , , , , , , , , , , , , , , , , , , , , , , , , , , , , , , , , , , , , , , ,17.1000,119.000,4, , , , , , , , , , , , , , , , , , , , , , , , , , , ,7,295
1884186N16125,1884,16,WP,MM,NOT_NAMED,1884-07-05 06:00:00,NR,17.1998,118.763, , , ,main,146,154,__________P___, , , , , , , , ,-5, , , , , , , , , , , , , , , , , , , , , , , , , , , , , , , , , , , , , , , , , , , , , , , , , , , , , , , , , , , , , , , , , , , , , , , , , , , , , , , , , , , , , , , , , , , , , , , , , , , , , , , , , ,17.1998,118.763,4, , , , , , , , , , , , , , , , , , , , , , , , , , , ,7,295
1884186N16125,1884,16,WP,MM,NOT_NAMED,1884-07-05 09:00:00,NR,17.3496,118.428, , , ,main,186,193,__________P___, , , , , , , , ,-5, , , , , , , , , , , , , , , , , , , , , , , , , , , , , , , , , , , , , , , , , , , , , , , , , , , , , , , , , , , , , , , , , , , , , , , , , , , , , , , , , , , , , , , , , , , , , , , , , , , , , , , , , ,17.3496,118.428,4, , , , , , , , , , , , , , , , , , , , , , , , , , , ,7,296
1884186N16125,1884,16,WP,MM,NOT_NAMED,1884-07-05 12:00:00,NR,17.4997,118.109, , , ,main,225,225,__________P___, , , , , , , , ,-5, , , , , , , , , , , , , , , , , , , , , , , , , , , , , , , , , , , , , , , , , , , , , , , , , , , , , , , , , , , , , , , , , , , , , , , , , , , , , , , , , , , , , , , , , , , , , , , , , , , , , , , , , ,17.4997,118.109,4, , , , , , , , , , , , , , , , , , , , , , , , , , , ,7,297
1884186N16125,1884,16,WP,MM,NOT_NAMED,1884-07-05 15:00:00,NR,17.6499,117.801, , , ,main,257,264,__________P___, , , , , , , , ,-5, , , , , , , , , , , , , , , , , , , , , , , , , , , , , , , , , , , , , , , , , , , , , , , , , , , , , , , , , , , , , , , , , , , , , , , , , , , , , , , , , , , , , , , , , , , , , , , , , , , , , , , , , ,17.6499,117.801,4, , , , , , , , , , , , , , , , , , , , , , , , , , , ,7,297
1884186N16125,1884,16,WP,MM,NOT_NAMED,1884-07-05 16:00:00,NR,17.7000,117.700, , , ,main,272,272,__________O___, , , , , , , , ,-5, , , , , , , , , , , , , , , , , , , , , , , , , , , , , , , , , , , , , , , , , , , , , , , , , , , , , , , , , , , , , , , , , , , , , , , , , , , , , , , , , , , , , , , , , , , , , , , , , , , , , , , , , ,17.7000,117.700,4, , , , , , , , , , , , , , , , , , , , , , , , , , , ,7,299
1884186N16125,1884,16,WP,MM,NOT_NAMED,1884-07-05 18:00:00,NR,17.8077,117.499, , , ,main,296,296,__________P___, , , , , , , , ,-5, , , , , , , , , , , , , , , , , , , , , , , , , , , , , , , , , , , , , , , , , , , , , , , , , , , , , , , , , , , , , , , , , , , , , , , , , , , , , , , , , , , , , , , , , , , , , , , , , , , , , , , , , ,17.8077,117.499,4, , , , , , , , , , , , , , , , , , , , , , , , , , , ,7,300
1884186N16125,1884,16,WP,MM,NOT_NAMED,1884-07-05 21:00:00,NR,17.9695,117.205, , , ,main,331,331,__________P___, , , , , , , , ,-5, , , , , , , , , , , , , , , , , , , , , , , , , , , , , , , , , , , , , , , , , , , , , , , , , , , , , , , , , , , , , , , , , , , , , , , , , , , , , , , , , , , , , , , , , , , , , , , , , , , , , , , , , ,17.9695,117.205,4, , , , , , , , , , , , , , , , , , , , , , , , , , , ,6,299
1884186N16125,1884,16,WP,MM,NOT_NAMED,1884-07-06 00:00:00,NR,18.1233,116.910, , , ,main,364,364,__________P___, , , , , , , , ,-5, , , , , , , , , , , , , , , , , , , , , , , , , , , , , , , , , , , , , , , , , , , , , , , , , , , , , , , , , , , , , , , , , , , , , , , , , , , , , , , , , , , , , , , , , , , , , , , , , , , , , , , , , ,18.1233,116.910,4, , , , , , , , , , , , , , , , , , , , , , , , , , , ,6,297
1884186N16125,1884,16,WP,MM,NOT_NAMED,1884-07-06 03:00:00,NR,18.2599,116.605, , , ,main,399,399,__________P___, , , , , , , , ,-5, , , , , , , , , , , , , , , , , , , , , , , , , , , , , , , , , , , , , , , , , , , , , , , , , , , , , , , , , , , , , , , , , , , , , , , , , , , , , , , , , , , , , , , , , , , , , , , , , , , , , , , , , ,18.2599,116.605,4, , , , , , , , , , , , , , , , , , , , , , , , , , , ,6,294
1884186N16125,1884,16,WP,MM,NOT_NAMED,1884-07-06 04:00:00,NR,18.3000,116.500, , , ,main,409,409,__________O___, , , , , , , , ,-5, , , , , , , , , , , , , , , , , , , , , , , , , , , , , , , , , , , , , , , , , , , , , , , , , , , , , , , , , , , , , , , , , , , , , , , , , , , , , , , , , , , , , , , , , , , , , , , , , , , , , , , , , ,18.3000,116.500,4, , , , , , , , , , , , , , , , , , , , , , , , , , , ,7,291
1884186N16125,1884,16,WP,MM,NOT_NAMED,1884-07-06 06:00:00,NR,18.3749,116.283, , , ,main,432,432,__________P___, , , , , , , , ,-5, , , , , , , , , , , , , , , , , , , , , , , , , , , , , , , , , , , , , , , , , , , , , , , , , , , , , , , , , , , , , , , , , , , , , , , , , , , , , , , , , , , , , , , , , , , , , , , , , , , , , , , , , ,18.3749,116.283,4, , , , , , , , , , , , , , , , , , , , , , , , , , , ,7,288
1884186N16125,1884,16,WP,MM,NOT_NAMED,1884-07-06 09:00:00,NR,18.4685,115.946, , , ,main,456,446,__________P___, , , , , , , , ,-5, , , , , , , , , , , , , , , , , , , , , , , , , , , , , , , , , , , , , , , , , , , , , , , , , , , , , , , , , , , , , , , , , , , , , , , , , , , , , , , , , , , , , , , , , , , , , , , , , , , , , , , , , ,18.4685,115.946,4, , , , , , , , , , , , , , , , , , , , , , , , , , , ,7,284
1884186N16125,1884,16,WP,MM,NOT_NAMED,1884-07-06 12:00:00,NR,18.5397,115.593, , , ,main,446,424,__________P___, , , , , , , , ,-5, , , , , , , , , , , , , , , , , , , , , , , , , , , , , , , , , , , , , , , , , , , , , , , , , , , , , , , , , , , , , , , , , , , , , , , , , , , , , , , , , , , , , , , , , , , , , , , , , , , , , , , , , ,18.5397,115.593,4, , , , , , , , , , , , , , , , , , , , , , , , , , , ,7,280
1884186N16125,1884,16,WP,MM,NOT_NAMED,1884-07-06 15:00:00,NR,18.5886,115.226, , , ,main,424,422,__________P___, , , , , , , , ,-5, , , , , , , , , , , , , , , , , , , , , , , , , , , , , , , , , , , , , , , , , , , , , , , , , , , , , , , , , , , , , , , , , , , , , , , , , , , , , , , , , , , , , , , , , , , , , , , , , , , , , , , , , ,18.5886,115.226,4, , , , , , , , , , , , , , , , , , , , , , , , , , , ,7,277
1884186N16125,1884,16,WP,MM,NOT_NAMED,1884-07-06 16:00:00,NR,18.6000,115.100, , , ,main,422,418,__________O___, , , , , , , , ,-5, , , , , , , , , , , , , , , , , , , , , , , , , , , , , , , , , , , , , , , , , , , , , , , , , , , , , , , , , , , , , , , , , , , , , , , , , , , , , , , , , , , , , , , , , , , , , , , , , , , , , , , , , ,18.6000,115.100,4, , , , , , , , , , , , , , , , , , , , , , , , , , , ,7,273
1884186N16125,1884,16,WP,MM,NOT_NAMED,1884-07-06 18:00:00,NR,18.6060,114.873, , , ,main,418,384,__________P___, , , , , , , , ,-5, , , , , , , , , , , , , , , , , , , , , , , , , , , , , , , , , , , , , , , , , , , , , , , , , , , , , , , , , , , , , , , , , , , , , , , , , , , , , , , , , , , , , , , , , , , , , , , , , , , , , , , , , ,18.6060,114.873,4, , , , , , , , , , , , , , , , , , , , , , , , , , , ,7,270
1884186N16125,1884,16,WP,MM,NOT_NAMED,1884-07-06 21:00:00,NR,18.5961,114.521, , , ,main,384,344,__________P___, , , , , , , , ,-5, , , , , , , , , , , , , , , , , , , , , , , , , , , , , , , , , , , , , , , , , , , , , , , , , , , , , , , , , , , , , , , , , , , , , , , , , , , , , , , , , , , , , , , , , , , , , , , , , , , , , , , , , ,18.5961,114.521,4, , , , , , , , , , , , , , , , , , , , , , , , , , , ,7,268
1884186N16125,1884,16,WP,MM,NOT_NAMED,1884-07-07 00:00:00,NR,18.5833,114.130, , , ,main,344,304,__________P___, , , , , , , , ,-5, , , , , , , , , , , , , , , , , , , , , , , , , , , , , , , , , , , , , , , , , , , , , , , , , , , , , , , , , , , , , , , , , , , , , , , , , , , , , , , , , , , , , , , , , , , , , , , , , , , , , , , , , ,18.5833,114.130,4, , , , , , , , , , , , , , , , , , , , , , , , , , , ,8,270
1884186N16125,1884,16,WP,MM,NOT_NAMED,1884-07-07 03:00:00,NR,18.5898,113.672, , , ,main,304,285,__________P___, , , , , , , , ,-5, , , , , , , , , , , , , , , , , , , , , , , , , , , , , , , , , , , , , , , , , , , , , , , , , , , , , , , , , , , , , , , , , , , , , , , , , , , , , , , , , , , , , , , , , , , , , , , , , , , , , , , , , ,18.5898,113.672,4, , , , , , , , , , , , , , , , , , , , , , , , , , , ,9,272
1884186N16125,1884,16,WP,MM,NOT_NAMED,1884-07-07 04:00:00,NR,18.6000,113.500, , , ,main,285,247,__________O___, , , , , , , , ,-5, , , , , , , , , , , , , , , , , , , , , , , , , , , , , , , , , , , , , , , , , , , , , , , , , , , , , , , , , , , , , , , , , , , , , , , , , , , , , , , , , , , , , , , , , , , , , , , , , , , , , , , , , ,18.6000,113.500,4, , , , , , , , , , , , , , , , , , , , , , , , , , , ,11,273
1884186N16125,1884,16,WP,MM,NOT_NAMED,1884-07-07 06:00:00,NR,18.6182,113.102, , , ,main,247,178,__________P___, , , , , , , , ,-5, , , , , , , , , , , , , , , , , , , , , , , , , , , , , , , , , , , , , , , , , , , , , , , , , , , , , , , , , , , , , , , , , , , , , , , , , , , , , , , , , , , , , , , , , , , , , , , , , , , , , , , , , ,18.6182,113.102,4, , , , , , , , , , , , , , , , , , , , , , , , , , , ,12,274
1884186N16125,1884,16,WP,MM,NOT_NAMED,1884-07-07 09:00:00,NR,18.6698,112.435, , , ,main,178,114,__________P___, , , , , , , , ,-5, , , , , , , , , , , , , , , , , , , , , , , , , , , , , , , , , , , , , , , , , , , , , , , , , , , , , , , , , , , , , , , , , , , , , , , , , , , , , , , , , , , , , , , , , , , , , , , , , , , , , , , , , ,18.6698,112.435,4, , , , , , , , , , , , , , , , , , , , , , , , , , , ,13,277
1884186N16125,1884,16,WP,MM,NOT_NAMED,1884-07-07 12:00:00,NR,18.7669,111.727, , , ,main,114,43,__________P___, , , , , , , , ,-5, , , , , , , , , , , , , , , , , , , , , , , , , , , , , , , , , , , , , , , , , , , , , , , , , , , , , , , , , , , , , , , , , , , , , , , , , , , , , , , , , , , , , , , , , , , , , , , , , , , , , , , , , ,18.7669,111.727,4, , , , , , , , , , , , , , , , , , , , , , , , , , , ,14,281
1884186N16125,1884,16,WP,MM,NOT_NAMED,1884-07-07 15:00:00,NR,18.9285,111.025, , , ,main,43,21,__________P___, , , , , , , , ,-5, , , , , , , , , , , , , , , , , , , , , , , , , , , , , , , , , , , , , , , , , , , , , , , , , , , , , , , , , , , , , , , , , , , , , , , , , , , , , , , , , , , , , , , , , , , , , , , , , , , , , , , , , ,18.9285,111.025,4, , , , , , , , , , , , , , , , , , , , , , , , , , , ,14,285
1884186N16125,1884,16,WP,MM,NOT_NAMED,1884-07-07 16:00:00,NR,19.0000,110.800, , , ,main,21,0,__________O___, , , , , , , , ,-5, , , , , , , , , , , , , , , , , , , , , , , , , , , , , , , , , , , , , , , , , , , , , , , , , , , , , , , , , , , , , , , , , , , , , , , , , , , , , , , , , , , , , , , , , , , , , , , , , , , , , , , , , ,19.0000,110.800,4, , , , , , , , , , , , , , , , , , , , , , , , , , , ,13,292
1884186N16125,1884,16,WP,MM,NOT_NAMED,1884-07-07 18:00:00,NR,19.1720,110.372, , , ,main,0,0,__________P___, , , , , , , , ,-5, , , , , , , , , , , , , , , , , , , , , , , , , , , , , , , , , , , , , , , , , , , , , , , , , , , , , , , , , , , , , , , , , , , , , , , , , , , , , , , , , , , , , , , , , , , , , , , , , , , , , , , , , ,19.1720,110.372,4, , , , , , , , , , , , , , , , , , , , , , , , , , , ,13,297
1884186N16125,1884,16,WP,MM,NOT_NAMED,1884-07-07 21:00:00,NR,19.4908,109.775, , , ,main,0,0,__________P___, , , , , , , , ,-5, , , , , , , , , , , , , , , , , , , , , , , , , , , , , , , , , , , , , , , , , , , , , , , , , , , , , , , , , , , , , , , , , , , , , , , , , , , , , , , , , , , , , , , , , , , , , , , , , , , , , , , , , ,19.4908,109.775,4, , , , , , , , , , , , , , , , , , , , , , , , , , , ,13,302
1884186N16125,1884,16,WP,MM,NOT_NAMED,1884-07-08 00:00:00,NR,19.8625,109.216, , , ,main,15,15,__________P___, , , , , , , , ,-5, , , , , , , , , , , , , , , , , , , , , , , , , , , , , , , , , , , , , , , , , , , , , , , , , , , , , , , , , , , , , , , , , , , , , , , , , , , , , , , , , , , , , , , , , , , , , , , , , , , , , , , , , ,19.8625,109.216,4, , , , , , , , , , , , , , , , , , , , , , , , , , , ,13,307
1884186N16125,1884,16,WP,MM,NOT_NAMED,1884-07-08 03:00:00,NR,20.2637,108.678, , , ,main,83,91,__________P___, , , , , , , , ,-5, , , , , , , , , , , , , , , , , , , , , , , , , , , , , , , , , , , , , , , , , , , , , , , , , , , , , , , , , , , , , , , , , , , , , , , , , , , , , , , , , , , , , , , , , , , , , , , , , , , , , , , , , ,20.2637,108.678,4, , , , , , , , , , , , , , , , , , , , , , , , , , , ,13,309
1884186N16125,1884,16,WP,MM,NOT_NAMED,1884-07-08 04:00:00,NR,20.4000,108.500, , , ,main,107, ,__________O___, , , , , , , , ,-5, , , , , , , , , , , , , , , , , , , , , , , , , , , , , , , , , , , , , , , , , , , , , , , , , , , , , , , , , , , , , , , , , , , , , , , , , , , , , , , , , , , , , , , , , , , , , , , , , , , , , , , , , ,20.4000,108.500,4, , , , , , , , , , , , , , , , , , , , , , , , , , , ,13,309
1884191N15127,1884,17,WP,MM,NOT_NAMED,1884-07-08 16:00:00,NR,14.8000,126.700, , , ,main,267,242,__________O___, , , , , , , , ,-5, , , , , , , , , , , , , , , , , , , , , , , , , , , , , , , , , , , , , , , , , , , , , , , , , , , , , , , , , , , , , , , , , , , , , , , , , , , , , , , , , , , , , , , , , , , , , , , , , , , , , , , , , ,14.8000,126.700,4, , , , , , , , , , , , , , , , , , , , , , , , , , , ,8,291
1884191N15127,1884,17,WP,MM,NOT_NAMED,1884-07-08 18:00:00,NR,14.8957,126.442, , , ,main,242,220,__________P___, , , , , , , , ,-5, , , , , , , , , , , , , , , , , , , , , , , , , , , , , , , , , , , , , , , , , , , , , , , , , , , , , , , , , , , , , , , , , , , , , , , , , , , , , , , , , , , , , , , , , , , , , , , , , , , , , , , , , ,14.8957,126.442,4, , , , , , , , , , , , , , , , , , , , , , , , , , , ,8,291
1884191N15127,1884,17,WP,MM,NOT_NAMED,1884-07-08 21:00:00,NR,15.0343,126.065, , , ,main,220,194,__________P___, , , , , , , , ,-5, , , , , , , , , , , , , , , , , , , , , , , , , , , , , , , , , , , , , , , , , , , , , , , , , , , , , , , , , , , , , , , , , , , , , , , , , , , , , , , , , , , , , , , , , , , , , , , , , , , , , , , , , ,15.0343,126.065,4, , , , , , , , , , , , , , , , , , , , , , , , , , , ,8,291
1884191N15127,1884,17,WP,MM,NOT_NAMED,1884-07-09 00:00:00,NR,15.1611,125.710, , , ,main,201,186,__________P___, , , , , , , , ,-5, , , , , , , , , , , , , , , , , , , , , , , , , , , , , , , , , , , , , , , , , , , , , , , , , , , , , , , , , , , , , , , , , , , , , , , , , , , , , , , , , , , , , , , , , , , , , , , , , , , , , , , , , ,15.1611,125.710,4, , , , , , , , , , , , , , , , , , , , , , , , , , , ,7,290
1884191N15127,1884,17,WP,MM,NOT_NAMED,1884-07-09 03:00:00,NR,15.2692,125.394, , , ,main,187,181,__________P___, , , , , , , , ,-5, , , , , , , , , , , , , , , , , , , , , , , , , , , , , , , , , , , , , , , , , , , , , , , , , , , , , , , , , , , , , , , , , , , , , , , , , , , , , , , , , , , , , , , , , , , , , , , , , , , , , , , , , ,15.2692,125.394,4, , , , , , , , , , , , , , , , , , , , , , , , , , , ,6,289
1884191N15127,1884,17,WP,MM,NOT_NAMED,1884-07-09 04:00:00,NR,15.3000,125.300, , , ,main,181,169,__________O___, , , , , , , , ,-5, , , , , , , , , , , , , , , , , , , , , , , , , , , , , , , , , , , , , , , , , , , , , , , , , , , , , , , , , , , , , , , , , , , , , , , , , , , , , , , , , , , , , , , , , , , , , , , , , , , , , , , , , ,15.3000,125.300,4, , , , , , , , , , , , , , , , , , , , , , , , , , , ,5,288
1884191N15127,1884,17,WP,MM,NOT_NAMED,1884-07-09 06:00:00,NR,15.3533,125.130, , , ,main,178,169,__________P___, , , , , , , , ,-5, , , , , , , , , , , , , , , , , , , , , , , , , , , , , , , , , , , , , , , , , , , , , , , , , , , , , , , , , , , , , , , , , , , , , , , , , , , , , , , , , , , , , , , , , , , , , , , , , , , , , , , , , ,15.3533,125.130,4, , , , , , , , , , , , , , , , , , , , , , , , , , , ,5,288
1884191N15127,1884,17,WP,MM,NOT_NAMED,1884-07-09 09:00:00,NR,15.4207,124.912, , , ,main,169,165,__________P___, , , , , , , , ,-5, , , , , , , , , , , , , , , , , , , , , , , , , , , , , , , , , , , , , , , , , , , , , , , , , , , , , , , , , , , , , , , , , , , , , , , , , , , , , , , , , , , , , , , , , , , , , , , , , , , , , , , , , ,15.4207,124.912,4, , , , , , , , , , , , , , , , , , , , , , , , , , , ,4,289
1884191N15127,1884,17,WP,MM,NOT_NAMED,1884-07-09 12:00:00,NR,15.4869,124.726, , , ,main,173,170,__________P___, , , , , , , , ,-5, , , , , , , , , , , , , , , , , , , , , , , , , , , , , , , , , , , , , , , , , , , , , , , , , , , , , , , , , , , , , , , , , , , , , , , , , , , , , , , , , , , , , , , , , , , , , , , , , , , , , , , , , ,15.4869,124.726,4, , , , , , , , , , , , , , , , , , , , , , , , , , , ,4,293
1884191N15127,1884,17,WP,MM,NOT_NAMED,1884-07-09 15:00:00,NR,15.5673,124.556, , , ,main,181,180,__________P___, , , , , , , , ,-5, , , , , , , , , , , , , , , , , , , , , , , , , , , , , , , , , , , , , , , , , , , , , , , , , , , , , , , , , , , , , , , , , , , , , , , , , , , , , , , , , , , , , , , , , , , , , , , , , , , , , , , , , ,15.5673,124.556,4, , , , , , , , , , , , , , , , , , , , , , , , , , , ,4,298
1884191N15127,1884,17,WP,MM,NOT_NAMED,1884-07-09 16:00:00,NR,15.6000,124.500, , , ,main,180,179,__________O___, , , , , , , , ,-5, , , , , , , , , , , , , , , , , , , , , , , , , , , , , , , , , , , , , , , , , , , , , , , , , , , , , , , , , , , , , , , , , , , , , , , , , , , , , , , , , , , , , , , , , , , , , , , , , , , , , , , , , ,15.6000,124.500,4, , , , , , , , , , , , , , , , , , , , , , , , , , , ,4,301
1884191N15127,1884,17,WP,MM,NOT_NAMED,1884-07-09 18:00:00,NR,15.6617,124.393, , , ,main,190,190,__________P___, , , , , , , , ,-5, , , , , , , , , , , , , , , , , , , , , , , , , , , , , , , , , , , , , , , , , , , , , , , , , , , , , , , , , , , , , , , , , , , , , , , , , , , , , , , , , , , , , , , , , , , , , , , , , , , , , , , , , ,15.6617,124.393,4, , , , , , , , , , , , , , , , , , , , , , , , , , , ,4,305
1884191N15127,1884,17,WP,MM,NOT_NAMED,1884-07-09 21:00:00,NR,15.7728,124.239, , , ,main,201,201,__________P___, , , , , , , , ,-5, , , , , , , , , , , , , , , , , , , , , , , , , , , , , , , , , , , , , , , , , , , , , , , , , , , , , , , , , , , , , , , , , , , , , , , , , , , , , , , , , , , , , , , , , , , , , , , , , , , , , , , , , ,15.7728,124.239,4, , , , , , , , , , , , , , , , , , , , , , , , , , , ,4,310
1884191N15127,1884,17,WP,MM,NOT_NAMED,1884-07-10 00:00:00,NR,15.9202,124.075, , , ,main,204,174,__________P___, , , , , , , , ,-5, , , , , , , , , , , , , , , , , , , , , , , , , , , , , , , , , , , , , , , , , , , , , , , , , , , , , , , , , , , , , , , , , , , , , , , , , , , , , , , , , , , , , , , , , , , , , , , , , , , , , , , , , ,15.9202,124.075,4, , , , , , , , , , , , , , , , , , , , , , , , , , , ,5,315
1884191N15127,1884,17,WP,MM,NOT_NAMED,1884-07-10 03:00:00,NR,16.1194,123.877, , , ,main,174,159,__________P___, , , , , , , , ,-5, , , , , , , , , , , , , , , , , , , , , , , , , , , , , , , , , , , , , , , , , , , , , , , , , , , , , , , , , , , , , , , , , , , , , , , , , , , , , , , , , , , , , , , , , , , , , , , , , , , , , , , , , ,16.1194,123.877,4, , , , , , , , , , , , , , , , , , , , , , , , , , , ,6,317
1884191N15127,1884,17,WP,MM,NOT_NAMED,1884-07-10 04:00:00,NR,16.2000,123.800, , , ,main,159,129,__________O___, , , , , , , , ,-5, , , , , , , , , , , , , , , , , , , , , , , , , , , , , , , , , , , , , , , , , , , , , , , , , , , , , , , , , , , , , , , , , , , , , , , , , , , , , , , , , , , , , , , , , , , , , , , , , , , , , , , , , ,16.2000,123.800,4, , , , , , , , , , , , , , , , , , , , , , , , , , , ,7,315
1884191N15127,1884,17,WP,MM,NOT_NAMED,1884-07-10 06:00:00,NR,16.3695,123.612, , , ,main,129,88,__________P___, , , , , , , , ,-5, , , , , , , , , , , , , , , , , , , , , , , , , , , , , , , , , , , , , , , , , , , , , , , , , , , , , , , , , , , , , , , , , , , , , , , , , , , , , , , , , , , , , , , , , , , , , , , , , , , , , , , , , ,16.3695,123.612,4, , , , , , , , , , , , , , , , , , , , , , , , , , , ,8,314
1884191N15127,1884,17,WP,MM,NOT_NAMED,1884-07-10 09:00:00,NR,16.6736,123.293, , , ,main,88,53,__________P___, , , , , , , , ,-5, , , , , , , , , , , , , , , , , , , , , , , , , , , , , , , , , , , , , , , , , , , , , , , , , , , , , , , , , , , , , , , , , , , , , , , , , , , , , , , , , , , , , , , , , , , , , , , , , , , , , , , , , ,16.6736,123.293,4, , , , , , , , , , , , , , , , , , , , , , , , , , , ,9,316
1884191N15127,1884,17,WP,MM,NOT_NAMED,1884-07-10 12:00:00,NR,17.0349,122.950, , , ,main,53,24,__________P___, , , , , , , , ,-5, , , , , , , , , , , , , , , , , , , , , , , , , , , , , , , , , , , , , , , , , , , , , , , , , , , , , , , , , , , , , , , , , , , , , , , , , , , , , , , , , , , , , , , , , , , , , , , , , , , , , , , , , ,17.0349,122.950,4, , , , , , , , , , , , , , , , , , , , , , , , , , , ,10,320
1884191N15127,1884,17,WP,MM,NOT_NAMED,1884-07-10 15:00:00,NR,17.4501,122.609, , , ,main,30,30,__________P___, , , , , , , , ,-5, , , , , , , , , , , , , , , , , , , , , , , , , , , , , , , , , , , , , , , , , , , , , , , , , , , , , , , , , , , , , , , , , , , , , , , , , , , , , , , , , , , , , , , , , , , , , , , , , , , , , , , , , ,17.4501,122.609,4, , , , , , , , , , , , , , , , , , , , , , , , , , , ,11,323
1884191N15127,1884,17,WP,MM,NOT_NAMED,1884-07-10 16:00:00,NR,17.6000,122.500, , , ,main,35,21,__________O___, , , , , , , , ,-5, , , , , , , , , , , , , , , , , , , , , , , , , , , , , , , , , , , , , , , , , , , , , , , , , , , , , , , , , , , , , , , , , , , , , , , , , , , , , , , , , , , , , , , , , , , , , , , , , , , , , , , , , ,17.6000,122.500,4, , , , , , , , , , , , , , , , , , , , , , , , , , , ,10,326
1884191N15127,1884,17,WP,MM,NOT_NAMED,1884-07-10 18:00:00,NR,17.8811,122.302, , , ,main,21,0,__________P___, , , , , , , , ,-5, , , , , , , , , , , , , , , , , , , , , , , , , , , , , , , , , , , , , , , , , , , , , , , , , , , , , , , , , , , , , , , , , , , , , , , , , , , , , , , , , , , , , , , , , , , , , , , , , , , , , , , , , ,17.8811,122.302,4, , , , , , , , , , , , , , , , , , , , , , , , , , , ,11,328
1884191N15127,1884,17,WP,MM,NOT_NAMED,1884-07-10 21:00:00,NR,18.3464,122.018, , , ,main,0,10,__________P___, , , , , , , , ,-5, , , , , , , , , , , , , , , , , , , , , , , , , , , , , , , , , , , , , , , , , , , , , , , , , , , , , , , , , , , , , , , , , , , , , , , , , , , , , , , , , , , , , , , , , , , , , , , , , , , , , , , , , ,18.3464,122.018,4, , , , , , , , , , , , , , , , , , , , , , , , , , , ,11,332
1884191N15127,1884,17,WP,MM,NOT_NAMED,1884-07-11 00:00:00,NR,18.8751,121.747, , , ,main,54,54,__________P___, , , , , , , , ,-5, , , , , , , , , , , , , , , , , , , , , , , , , , , , , , , , , , , , , , , , , , , , , , , , , , , , , , , , , , , , , , , , , , , , , , , , , , , , , , , , , , , , , , , , , , , , , , , , , , , , , , , , , ,18.8751,121.747,4, , , , , , , , , , , , , , , , , , , , , , , , , , , ,12,336
1884191N15127,1884,17,WP,MM,NOT_NAMED,1884-07-11 03:00:00,NR,19.4795,121.485, , , ,main,112,112,__________P___, , , , , , , , ,-5, , , , , , , , , , , , , , , , , , , , , , , , , , , , , , , , , , , , , , , , , , , , , , , , , , , , , , , , , , , , , , , , , , , , , , , , , , , , , , , , , , , , , , , , , , , , , , , , , , , , , , , , , ,19.4795,121.485,4, , , , , , , , , , , , , , , , , , , , , , , , , , , ,13,338
1884191N15127,1884,17,WP,MM,NOT_NAMED,1884-07-11 04:00:00,NR,19.7000,121.400, , , ,main,133,133,__________O___, , , , , , , , ,-5, , , , , , , , , , , , , , , , , , , , , , , , , , , , , , , , , , , , , , , , , , , , , , , , , , , , , , , , , , , , , , , , , , , , , , , , , , , , , , , , , , , , , , , , , , , , , , , , , , , , , , , , , ,19.7000,121.400,4, , , , , , , , , , , , , , , , , , , , , , , , , , , ,15,343
1884191N15127,1884,17,WP,MM,NOT_NAMED,1884-07-11 06:00:00,NR,20.1753,121.255, , , ,main,183,101,__________P___, , , , , , , , ,-5, , , , , , , , , , , , , , , , , , , , , , , , , , , , , , , , , , , , , , , , , , , , , , , , , , , , , , , , , , , , , , , , , , , , , , , , , , , , , , , , , , , , , , , , , , , , , , , , , , , , , , , , , ,20.1753,121.255,4, , , , , , , , , , , , , , , , , , , , , , , , , , , ,16,345
1884191N15127,1884,17,WP,MM,NOT_NAMED,1884-07-11 09:00:00,NR,20.9580,121.045, , , ,main,101,11,__________P___, , , , , , , , ,-5, , , , , , , , , , , , , , , , , , , , , , , , , , , , , , , , , , , , , , , , , , , , , , , , , , , , , , , , , , , , , , , , , , , , , , , , , , , , , , , , , , , , , , , , , , , , , , , , , , , , , , , , , ,20.9580,121.045,4, , , , , , , , , , , , , , , , , , , , , , , , , , , ,17,346
1884191N15127,1884,17,WP,MM,NOT_NAMED,1884-07-11 12:00:00,NR,21.7884,120.812, , , ,main,11,0,__________P___, , , , , , , , ,-5, , , , , , , , , , , , , , , , , , , , , , , , , , , , , , , , , , , , , , , , , , , , , , , , , , , , , , , , , , , , , , , , , , , , , , , , , , , , , , , , , , , , , , , , , , , , , , , , , , , , , , , , , ,21.7884,120.812,4, , , , , , , , , , , , , , , , , , , , , , , , , , , ,17,344
1884191N15127,1884,17,WP,MM,NOT_NAMED,1884-07-11 15:00:00,NR,22.6261,120.518, , , ,main,0,0,__________P___, , , , , , , , ,-5, , , , , , , , , , , , , , , , , , , , , , , , , , , , , , , , , , , , , , , , , , , , , , , , , , , , , , , , , , , , , , , , , , , , , , , , , , , , , , , , , , , , , , , , , , , , , , , , , , , , , , , , , ,22.6261,120.518,4, , , , , , , , , , , , , , , , , , , , , , , , , , , ,18,341
1884191N15127,1884,17,WP,MM,NOT_NAMED,1884-07-11 16:00:00,NR,22.9000,120.400, , , ,main,0,0,__________O___, , , , , , , , ,-5, , , , , , , , , , , , , , , , , , , , , , , , , , , , , , , , , , , , , , , , , , , , , , , , , , , , , , , , , , , , , , , , , , , , , , , , , , , , , , , , , , , , , , , , , , , , , , , , , , , , , , , , , ,22.9000,120.400,4, , , , , , , , , , , , , , , , , , , , , , , , , , , ,18,334
1884191N15127,1884,17,WP,MM,NOT_NAMED,1884-07-11 18:00:00,NR,23.4542,120.084, , , ,main,10,10,__________P___, , , , , , , , ,-5, , , , , , , , , , , , , , , , , , , , , , , , , , , , , , , , , , , , , , , , , , , , , , , , , , , , , , , , , , , , , , , , , , , , , , , , , , , , , , , , , , , , , , , , , , , , , , , , , , , , , , , , , ,23.4542,120.084,4, , , , , , , , , , , , , , , , , , , , , , , , , , , ,19,330
1884191N15127,1884,17,WP,MM,NOT_NAMED,1884-07-11 21:00:00,NR,24.2736,119.539, , , ,main,87,0,__________P___, , , , , , , , ,-5, , , , , , , , , , , , , , , , , , , , , , , , , , , , , , , , , , , , , , , , , , , , , , , , , , , , , , , , , , , , , , , , , , , , , , , , , , , , , , , , , , , , , , , , , , , , , , , , , , , , , , , , , ,24.2736,119.539,4, , , , , , , , , , , , , , , , , , , , , , , , , , , ,19,327
1884191N15127,1884,17,WP,MM,NOT_NAMED,1884-07-12 00:00:00,NR,25.0390,118.970, , , ,main,0,0,__________P___, , , , , , , , ,-5, , , , , , , , , , , , , , , , , , , , , , , , , , , , , , , , , , , , , , , , , , , , , , , , , , , , , , , , , , , , , , , , , , , , , , , , , , , , , , , , , , , , , , , , , , , , , , , , , , , , , , , , , ,25.0390,118.970,4, , , , , , , , , , , , , , , , , , , , , , , , , , , ,17,325
1884191N15127,1884,17,WP,MM,NOT_NAMED,1884-07-12 03:00:00,NR,25.7066,118.450, , , ,main,0,0,__________P___, , , , , , , , ,-5, , , , , , , , , , , , , , , , , , , , , , , , , , , , , , , , , , , , , , , , , , , , , , , , , , , , , , , , , , , , , , , , , , , , , , , , , , , , , , , , , , , , , , , , , , , , , , , , , , , , , , , , , ,25.7066,118.450,4, , , , , , , , , , , , , , , , , , , , , , , , , , , ,16,325
1884191N15127,1884,17,WP,MM,NOT_NAMED,1884-07-12 04:00:00,NR,25.9000,118.300, , , ,main,0,0,__________O___, , , , , , , , ,-5, , , , , , , , , , , , , , , , , , , , , , , , , , , , , , , , , , , , , , , , , , , , , , , , , , , , , , , , , , , , , , , , , , , , , , , , , , , , , , , , , , , , , , , , , , , , , , , , , , , , , , , , , ,25.9000,118.300,4, , , , , , , , , , , , , , , , , , , , , , , , , , , ,13,326
1884191N15127,1884,17,WP,MM,NOT_NAMED,1884-07-12 06:00:00,NR,26.2265,118.056, , , ,main,0,0,__________P___, , , , , , , , ,-5, , , , , , , , , , , , , , , , , , , , , , , , , , , , , , , , , , , , , , , , , , , , , , , , , , , , , , , , , , , , , , , , , , , , , , , , , , , , , , , , , , , , , , , , , , , , , , , , , , , , , , , , , ,26.2265,118.056,4, , , , , , , , , , , , , , , , , , , , , , , , , , , ,10,326
1884191N15127,1884,17,WP,MM,NOT_NAMED,1884-07-12 09:00:00,NR,26.6161,117.766, , , ,main,0,0,__________P___, , , , , , , , ,-5, , , , , , , , , , , , , , , , , , , , , , , , , , , , , , , , , , , , , , , , , , , , , , , , , , , , , , , , , , , , , , , , , , , , , , , , , , , , , , , , , , , , , , , , , , , , , , , , , , , , , , , , , ,26.6161,117.766,4, , , , , , , , , , , , , , , , , , , , , , , , , , , ,8,328
1884191N15127,1884,17,WP,MM,NOT_NAMED,1884-07-12 12:00:00,NR,26.9272,117.561, , , ,main,0,0,__________P___, , , , , , , , ,-5, , , , , , , , , , , , , , , , , , , , , , , , , , , , , , , , , , , , , , , , , , , , , , , , , , , , , , , , , , , , , , , , , , , , , , , , , , , , , , , , , , , , , , , , , , , , , , , , , , , , , , , , , ,26.9272,117.561,4, , , , , , , , , , , , , , , , , , , , , , , , , , , ,7,333
1884191N15127,1884,17,WP,MM,NOT_NAMED,1884-07-12 15:00:00,NR,27.2061,117.430, , , ,main,0,0,__________P___, , , , , , , , ,-5, , , , , , , , , , , , , , , , , , , , , , , , , , , , , , , , , , , , , , , , , , , , , , , , , , , , , , , , , , , , , , , , , , , , , , , , , , , , , , , , , , , , , , , , , , , , , , , , , , , , , , , , , ,27.2061,117.430,4, , , , , , , , , , , , , , , , , , , , , , , , , , , ,6,339
1884191N15127,1884,17,WP,MM,NOT_NAMED,1884-07-12 16:00:00,NR,27.3000,117.400, , , ,main,0,0,__________O___, , , , , , , , ,-5, , , , , , , , , , , , , , , , , , , , , , , , , , , , , , , , , , , , , , , , , , , , , , , , , , , , , , , , , , , , , , , , , , , , , , , , , , , , , , , , , , , , , , , , , , , , , , , , , , , , , , , , , ,27.3000,117.400,4, , , , , , , , , , , , , , , , , , , , , , , , , , , ,6,349
1884191N15127,1884,17,WP,MM,NOT_NAMED,1884-07-12 18:00:00,NR,27.4966,117.360, , , ,main,0,0,__________P___, , , , , , , , ,-5, , , , , , , , , , , , , , , , , , , , , , , , , , , , , , , , , , , , , , , , , , , , , , , , , , , , , , , , , , , , , , , , , , , , , , , , , , , , , , , , , , , , , , , , , , , , , , , , , , , , , , , , , ,27.4966,117.360,4, , , , , , , , , , , , , , , , , , , , , , , , , , , ,6,354
1884191N15127,1884,17,WP,MM,NOT_NAMED,1884-07-12 21:00:00,NR,27.8114,117.339, , , ,main,0,0,__________P___, , , , , , , , ,-5, , , , , , , , , , , , , , , , , , , , , , , , , , , , , , , , , , , , , , , , , , , , , , , , , , , , , , , , , , , , , , , , , , , , , , , , , , , , , , , , , , , , , , , , , , , , , , , , , , , , , , , , , ,27.8114,117.339,4, , , , , , , , , , , , , , , , , , , , , , , , , , , ,6,0
1884191N15127,1884,17,WP,MM,NOT_NAMED,1884-07-13 00:00:00,NR,28.1434,117.353, , , ,main,0,0,__________P___, , , , , , , , ,-5, , , , , , , , , , , , , , , , , , , , , , , , , , , , , , , , , , , , , , , , , , , , , , , , , , , , , , , , , , , , , , , , , , , , , , , , , , , , , , , , , , , , , , , , , , , , , , , , , , , , , , , , , ,28.1434,117.353,4, , , , , , , , , , , , , , , , , , , , , , , , , , , ,7,3
1884191N15127,1884,17,WP,MM,NOT_NAMED,1884-07-13 03:00:00,NR,28.4852,117.387, , , ,main,0,0,__________P___, , , , , , , , ,-5, , , , , , , , , , , , , , , , , , , , , , , , , , , , , , , , , , , , , , , , , , , , , , , , , , , , , , , , , , , , , , , , , , , , , , , , , , , , , , , , , , , , , , , , , , , , , , , , , , , , , , , , , ,28.4852,117.387,4, , , , , , , , , , , , , , , , , , , , , , , , , , , ,7,4
1884191N15127,1884,17,WP,MM,NOT_NAMED,1884-07-13 04:00:00,NR,28.6000,117.400, , , ,main,0, ,__________O___, , , , , , , , ,-5, , , , , , , , , , , , , , , , , , , , , , , , , , , , , , , , , , , , , , , , , , , , , , , , , , , , , , , , , , , , , , , , , , , , , , , , , , , , , , , , , , , , , , , , , , , , , , , , , , , , , , , , , ,28.6000,117.400,4, , , , , , , , , , , , , , , , , , , , , , , , , , , ,7,0
1884201N18129,1884,21,WP,MM,NOT_NAMED,1884-07-18 16:00:00,NR,18.0000,128.500, , , ,main,634,626,__________O___, , , , , , , , ,-5, , , , , , , , , , , , , , , , , , , , , , , , , , , , , , , , , , , , , , , , , , , , , , , , , , , , , , , , , , , , , , , , , , , , , , , , , , , , , , , , , , , , , , , , , , , , , , , , , , , , , , , , , ,18.0000,128.500,7, , , , , , , , , , , , , , , , , , , , , , , , , , , ,3,309
1884201N18129,1884,21,WP,MM,NOT_NAMED,1884-07-18 18:00:00,NR,18.0556,128.426, , , ,main,634,627,__________P___, , , , , , , , ,-5, , , , , , , , , , , , , , , , , , , , , , , , , , , , , , , , , , , , , , , , , , , , , , , , , , , , , , , , , , , , , , , , , , , , , , , , , , , , , , , , , , , , , , , , , , , , , , , , , , , , , , , , , ,18.0556,128.426,7, , , , , , , , , , , , , , , , , , , , , , , , , , , ,3,310
1884201N18129,1884,21,WP,MM,NOT_NAMED,1884-07-18 21:00:00,NR,18.1557,128.305, , , ,main,629,618,__________P___, , , , , , , , ,-5, , , , , , , , , , , , , , , , , , , , , , , , , , , , , , , , , , , , , , , , , , , , , , , , , , , , , , , , , , , , , , , , , , , , , , , , , , , , , , , , , , , , , , , , , , , , , , , , , , , , , , , , , ,18.1557,128.305,7, , , , , , , , , , , , , , , , , , , , , , , , , , , ,4,314
1884201N18129,1884,21,WP,MM,NOT_NAMED,1884-07-19 00:00:00,NR,18.2986,128.159, , , ,main,621,601,__________P___, , , , , , , , ,-5, , , , , , , , , , , , , , , , , , , , , , , , , , , , , , , , , , , , , , , , , , , , , , , , , , , , , , , , , , , , , , , , , , , , , , , , , , , , , , , , , , , , , , , , , , , , , , , , , , , , , , , , , ,18.2986,128.159,7, , , , , , , , , , , , , , , , , , , , , , , , , , , ,5,318
1884201N18129,1884,21,WP,MM,NOT_NAMED,1884-07-19 03:00:00,NR,18.5099,127.973, , , ,main,601,590,__________P___, , , , , , , , ,-5, , , , , , , , , , , , , , , , , , , , , , , , , , , , , , , , , , , , , , , , , , , , , , , , , , , , , , , , , , , , , , , , , , , , , , , , , , , , , , , , , , , , , , , , , , , , , , , , , , , , , , , , , ,18.5099,127.973,7, , , , , , , , , , , , , , , , , , , , , , , , , , , ,6,321
1884201N18129,1884,21,WP,MM,NOT_NAMED,1884-07-19 04:00:00,NR,18.6000,127.900, , , ,main,590,570,__________O___, , , , , , , , ,-5, , , , , , , , , , , , , , , , , , , , , , , , , , , , , , , , , , , , , , , , , , , , , , , , , , , , , , , , , , , , , , , , , , , , , , , , , , , , , , , , , , , , , , , , , , , , , , , , , , , , , , , , , ,18.6000,127.900,7, , , , , , , , , , , , , , , , , , , , , , , , , , , ,8,323
1884201N18129,1884,21,WP,MM,NOT_NAMED,1884-07-19 06:00:00,NR,18.8128,127.734, , , ,main,570,544,__________P___, , , , , , , , ,-5, , , , , , , , , , , , , , , , , , , , , , , , , , , , , , , , , , , , , , , , , , , , , , , , , , , , , , , , , , , , , , , , , , , , , , , , , , , , , , , , , , , , , , , , , , , , , , , , , , , , , , , , , ,18.8128,127.734,7, , , , , , , , , , , , , , , , , , , , , , , , , , , ,9,325
1884201N18129,1884,21,WP,MM,NOT_NAMED,1884-07-19 09:00:00,NR,19.2011,127.448, , , ,main,544,525,__________P___, , , , , , , , ,-5, , , , , , , , , , , , , , , , , , , , , , , , , , , , , , , , , , , , , , , , , , , , , , , , , , , , , , , , , , , , , , , , , , , , , , , , , , , , , , , , , , , , , , , , , , , , , , , , , , , , , , , , , ,19.2011,127.448,7, , , , , , , , , , , , , , , , , , , , , , , , , , , ,10,326
1884201N18129,1884,21,WP,MM,NOT_NAMED,1884-07-19 12:00:00,NR,19.6501,127.133, , , ,main,525,509,__________P___, , , , , , , , ,-5, , , , , , , , , , , , , , , , , , , , , , , , , , , , , , , , , , , , , , , , , , , , , , , , , , , , , , , , , , , , , , , , , , , , , , , , , , , , , , , , , , , , , , , , , , , , , , , , , , , , , , , , , ,19.6501,127.133,7, , , , , , , , , , , , , , , , , , , , , , , , , , , ,11,327
1884201N18129,1884,21,WP,MM,NOT_NAMED,1884-07-19 15:00:00,NR,20.1348,126.807, , , ,main,509,503,__________P___, , , , , , , , ,-5, , , , , , , , , , , , , , , , , , , , , , , , , , , , , , , , , , , , , , , , , , , , , , , , , , , , , , , , , , , , , , , , , , , , , , , , , , , , , , , , , , , , , , , , , , , , , , , , , , , , , , , , , ,20.1348,126.807,7, , , , , , , , , , , , , , , , , , , , , , , , , , , ,12,328
1884201N18129,1884,21,WP,MM,NOT_NAMED,1884-07-19 16:00:00,NR,20.3000,126.700, , , ,main,508,499,__________O___, , , , , , , , ,-5, , , , , , , , , , , , , , , , , , , , , , , , , , , , , , , , , , , , , , , , , , , , , , , , , , , , , , , , , , , , , , , , , , , , , , , , , , , , , , , , , , , , , , , , , , , , , , , , , , , , , , , , , ,20.3000,126.700,7, , , , , , , , , , , , , , , , , , , , , , , , , , , ,12,329
1884201N18129,1884,21,WP,MM,NOT_NAMED,1884-07-19 18:00:00,NR,20.6319,126.495, , , ,main,504,500,__________P___, , , , , , , , ,-5, , , , , , , , , , , , , , , , , , , , , , , , , , , , , , , , , , , , , , , , , , , , , , , , , , , , , , , , , , , , , , , , , , , , , , , , , , , , , , , , , , , , , , , , , , , , , , , , , , , , , , , , , ,20.6319,126.495,7, , , , , , , , , , , , , , , , , , , , , , , , , , , ,12,330
1884201N18129,1884,21,WP,MM,NOT_NAMED,1884-07-19 21:00:00,NR,21.1490,126.187, , , ,main,507,488,__________P___, , , , , , , , ,-5, , , , , , , , , , , , , , , , , , , , , , , , , , , , , , , , , , , , , , , , , , , , , , , , , , , , , , , , , , , , , , , , , , , , , , , , , , , , , , , , , , , , , , , , , , , , , , , , , , , , , , , , , ,21.1490,126.187,7, , , , , , , , , , , , , , , , , , , , , , , , , , , ,12,331
1884201N18129,1884,21,WP,MM,NOT_NAMED,1884-07-20 00:00:00,NR,21.6644,125.884, , , ,main,488,445,__________P___, , , , , , , , ,-5, , , , , , , , , , , , , , , , , , , , , , , , , , , , , , , , , , , , , , , , , , , , , , , , , , , , , , , , , , , , , , , , , , , , , , , , , , , , , , , , , , , , , , , , , , , , , , , , , , , , , , , , , ,21.6644,125.884,7, , , , , , , , , , , , , , , , , , , , , , , , , , , ,11,331
1884201N18129,1884,21,WP,MM,NOT_NAMED,1884-07-20 03:00:00,NR,22.1497,125.593, , , ,main,445,429,__________P___, , , , , , , , ,-5, , , , , , , , , , , , , , , , , , , , , , , , , , , , , , , , , , , , , , , , , , , , , , , , , , , , , , , , , , , , , , , , , , , , , , , , , , , , , , , , , , , , , , , , , , , , , , , , , , , , , , , , , ,22.1497,125.593,7, , , , , , , , , , , , , , , , , , , , , , , , , , , ,11,331
1884201N18129,1884,21,WP,MM,NOT_NAMED,1884-07-20 04:00:00,NR,22.3000,125.500, , , ,main,429,403,__________O___, , , , , , , , ,-5, , , , , , , , , , , , , , , , , , , , , , , , , , , , , , , , , , , , , , , , , , , , , , , , , , , , , , , , , , , , , , , , , , , , , , , , , , , , , , , , , , , , , , , , , , , , , , , , , , , , , , , , , ,22.3000,125.500,3, , , , , , , , , , , , , , , , , , , , , , , , , , , ,10,330
1884201N18129,1884,21,WP,MM,NOT_NAMED,1884-07-20 06:00:00,NR,22.5725,125.332, , , ,main,403,371,__________P___, , , , , , , , ,-5, , , , , , , , , , , , , , , , , , , , , , , , , , , , , , , , , , , , , , , , , , , , , , , , , , , , , , , , , , , , , , , , , , , , , , , , , , , , , , , , , , , , , , , , , , , , , , , , , , , , , , , , , ,22.5725,125.332,3, , , , , , , , , , , , , , , , , , , , , , , , , , , ,9,330
1884201N18129,1884,21,WP,MM,NOT_NAMED,1884-07-20 09:00:00,NR,22.9437,125.092, , , ,main,371,333,__________P___, , , , , , , , ,-5, , , , , , , , , , , , , , , , , , , , , , , , , , , , , , , , , , , , , , , , , , , , , , , , , , , , , , , , , , , , , , , , , , , , , , , , , , , , , , , , , , , , , , , , , , , , , , , , , , , , , , , , , ,22.9437,125.092,3, , , , , , , , , , , , , , , , , , , , , , , , , , , ,8,328
1884201N18129,1884,21,WP,MM,NOT_NAMED,1884-07-20 12:00:00,NR,23.2811,124.853, , , ,main,333,291,__________P___, , , , , , , , ,-5, , , , , , , , , , , , , , , , , , , , , , , , , , , , , , , , , , , , , , , , , , , , , , , , , , , , , , , , , , , , , , , , , , , , , , , , , , , , , , , , , , , , , , , , , , , , , , , , , , , , , , , , , ,23.2811,124.853,3, , , , , , , , , , , , , , , , , , , , , , , , , , , ,8,325
1884201N18129,1884,21,WP,MM,NOT_NAMED,1884-07-20 15:00:00,NR,23.5972,124.594, , , ,main,291,278,__________P___, , , , , , , , ,-5, , , , , , , , , , , , , , , , , , , , , , , , , , , , , , , , , , , , , , , , , , , , , , , , , , , , , , , , , , , , , , , , , , , , , , , , , , , , , , , , , , , , , , , , , , , , , , , , , , , , , , , , , ,23.5972,124.594,3, , , , , , , , , , , , , , , , , , , , , , , , , , , ,8,322
1884201N18129,1884,21,WP,MM,NOT_NAMED,1884-07-20 16:00:00,NR,23.7000,124.500, , , ,main,278,252,__________O___, , , , , , , , ,-5, , , , , , , , , , , , , , , , , , , , , , , , , , , , , , , , , , , , , , , , , , , , , , , , , , , , , , , , , , , , , , , , , , , , , , , , , , , , , , , , , , , , , , , , , , , , , , , , , , , , , , , , , ,23.7000,124.500,4, , , , , , , , , , , , , , , , , , , , , , , , , , , ,8,320
1884201N18129,1884,21,WP,MM,NOT_NAMED,1884-07-20 18:00:00,NR,23.9191,124.300, , , ,main,252,215,__________P___, , , , , , , , ,-5, , , , , , , , , , , , , , , , , , , , , , , , , , , , , , , , , , , , , , , , , , , , , , , , , , , , , , , , , , , , , , , , , , , , , , , , , , , , , , , , , , , , , , , , , , , , , , , , , , , , , , , , , ,23.9191,124.300,4, , , , , , , , , , , , , , , , , , , , , , , , , , , ,9,318
1884201N18129,1884,21,WP,MM,NOT_NAMED,1884-07-20 21:00:00,NR,24.2354,123.975, , , ,main,215,170,__________P___, , , , , , , , ,-5, , , , , , , , , , , , , , , , , , , , , , , , , , , , , , , , , , , , , , , , , , , , , , , , , , , , , , , , , , , , , , , , , , , , , , , , , , , , , , , , , , , , , , , , , , , , , , , , , , , , , , , , , ,24.2354,123.975,4, , , , , , , , , , , , , , , , , , , , , , , , , , , ,9,315
1884201N18129,1884,21,WP,MM,NOT_NAMED,1884-07-21 00:00:00,NR,24.5341,123.620, , , ,main,170,122,__________P___, , , , , , , , ,-5, , , , , , , , , , , , , , , , , , , , , , , , , , , , , , , , , , , , , , , , , , , , , , , , , , , , , , , , , , , , , , , , , , , , , , , , , , , , , , , , , , , , , , , , , , , , , , , , , , , , , , , , , ,24.5341,123.620,4, , , , , , , , , , , , , , , , , , , , , , , , , , , ,9,311
1884201N18129,1884,21,WP,MM,NOT_NAMED,1884-07-21 03:00:00,NR,24.8123,123.235, , , ,main,122,111,__________P___, , , , , , , , ,-5, , , , , , , , , , , , , , , , , , , , , , , , , , , , , , , , , , , , , , , , , , , , , , , , , , , , , , , , , , , , , , , , , , , , , , , , , , , , , , , , , , , , , , , , , , , , , , , , , , , , , , , , , ,24.8123,123.235,4, , , , , , , , , , , , , , , , , , , , , , , , , , , ,9,308
1884201N18129,1884,21,WP,MM,NOT_NAMED,1884-07-21 04:00:00,NR,24.9000,123.100, , , ,main,111,81,__________O___, , , , , , , , ,-5, , , , , , , , , , , , , , , , , , , , , , , , , , , , , , , , , , , , , , , , , , , , , , , , , , , , , , , , , , , , , , , , , , , , , , , , , , , , , , , , , , , , , , , , , , , , , , , , , , , , , , , , , ,24.9000,123.100,4, , , , , , , , , , , , , , , , , , , , , , , , , , , ,9,304
1884201N18129,1884,21,WP,MM,NOT_NAMED,1884-07-21 06:00:00,NR,25.0643,122.830, , , ,main,81,52,__________P___, , , , , , , , ,-5, , , , , , , , , , , , , , , , , , , , , , , , , , , , , , , , , , , , , , , , , , , , , , , , , , , , , , , , , , , , , , , , , , , , , , , , , , , , , , , , , , , , , , , , , , , , , , , , , , , , , , , , , ,25.0643,122.830,4, , , , , , , , , , , , , , , , , , , , , , , , , , , ,9,302
1884201N18129,1884,21,WP,MM,NOT_NAMED,1884-07-21 09:00:00,NR,25.2918,122.401, , , ,main,52,45,__________P___, , , , , , , , ,-5, , , , , , , , , , , , , , , , , , , , , , , , , , , , , , , , , , , , , , , , , , , , , , , , , , , , , , , , , , , , , , , , , , , , , , , , , , , , , , , , , , , , , , , , , , , , , , , , , , , , , , , , , ,25.2918,122.401,4, , , , , , , , , , , , , , , , , , , , , , , , , , , ,9,299
1884201N18129,1884,21,WP,MM,NOT_NAMED,1884-07-21 12:00:00,NR,25.5079,121.944, , , ,main,45,45,__________P___, , , , , , , , ,-5, , , , , , , , , , , , , , , , , , , , , , , , , , , , , , , , , , , , , , , , , , , , , , , , , , , , , , , , , , , , , , , , , , , , , , , , , , , , , , , , , , , , , , , , , , , , , , , , , , , , , , , , , ,25.5079,121.944,4, , , , , , , , , , , , , , , , , , , , , , , , , , , ,10,297
1884201N18129,1884,21,WP,MM,NOT_NAMED,1884-07-21 15:00:00,NR,25.7251,121.465, , , ,main,55,55,__________P___, , , , , , , , ,-5, , , , , , , , , , , , , , , , , , , , , , , , , , , , , , , , , , , , , , , , , , , , , , , , , , , , , , , , , , , , , , , , , , , , , , , , , , , , , , , , , , , , , , , , , , , , , , , , , , , , , , , , , ,25.7251,121.465,4, , , , , , , , , , , , , , , , , , , , , , , , , , , ,10,297
1884201N18129,1884,21,WP,MM,NOT_NAMED,1884-07-21 16:00:00,NR,25.8000,121.300, , , ,main,67,67,__________O___, , , , , , , , ,-5, , , , , , , , , , , , , , , , , , , , , , , , , , , , , , , , , , , , , , , , , , , , , , , , , , , , , , , , , , , , , , , , , , , , , , , , , , , , , , , , , , , , , , , , , , , , , , , , , , , , , , , , , ,25.8000,121.300,4, , , , , , , , , , , , , , , , , , , , , , , , , , , ,11,296
1884201N18129,1884,21,WP,MM,NOT_NAMED,1884-07-21 18:00:00,NR,25.9588,120.941, , , ,main,102,53,__________P___, , , , , , , , ,-5, , , , , , , , , , , , , , , , , , , , , , , , , , , , , , , , , , , , , , , , , , , , , , , , , , , , , , , , , , , , , , , , , , , , , , , , , , , , , , , , , , , , , , , , , , , , , , , , , , , , , , , , , ,25.9588,120.941,4, , , , , , , , , , , , , , , , , , , , , , , , , , , ,11,296
1884201N18129,1884,21,WP,MM,NOT_NAMED,1884-07-21 21:00:00,NR,26.2031,120.383, , , ,main,53,0,__________P___, , , , , , , , ,-5, , , , , , , , , , , , , , , , , , , , , , , , , , , , , , , , , , , , , , , , , , , , , , , , , , , , , , , , , , , , , , , , , , , , , , , , , , , , , , , , , , , , , , , , , , , , , , , , , , , , , , , , , ,26.2031,120.383,4, , , , , , , , , , , , , , , , , , , , , , , , , , , ,11,297
1884201N18129,1884,21,WP,MM,NOT_NAMED,1884-07-22 00:00:00,NR,26.4543,119.838, , , ,main,0,0,__________P___, , , , , , , , ,-5, , , , , , , , , , , , , , , , , , , , , , , , , , , , , , , , , , , , , , , , , , , , , , , , , , , , , , , , , , , , , , , , , , , , , , , , , , , , , , , , , , , , , , , , , , , , , , , , , , , , , , , , , ,26.4543,119.838,4, , , , , , , , , , , , , , , , , , , , , , , , , , , ,11,299
1884201N18129,1884,21,WP,MM,NOT_NAMED,1884-07-22 03:00:00,NR,26.7124,119.345, , , ,main,0,0,__________P___, , , , , , , , ,-5, , , , , , , , , , , , , , , , , , , , , , , , , , , , , , , , , , , , , , , , , , , , , , , , , , , , , , , , , , , , , , , , , , , , , , , , , , , , , , , , , , , , , , , , , , , , , , , , , , , , , , , , , ,26.7124,119.345,4, , , , , , , , , , , , , , , , , , , , , , , , , , , ,10,301
1884201N18129,1884,21,WP,MM,NOT_NAMED,1884-07-22 04:00:00,NR,26.8000,119.200, , , ,main,0,0,__________O___, , , , , , , , ,-5, , , , , , , , , , , , , , , , , , , , , , , , , , , , , , , , , , , , , , , , , , , , , , , , , , , , , , , , , , , , , , , , , , , , , , , , , , , , , , , , , , , , , , , , , , , , , , , , , , , , , , , , , ,26.8000,119.200,4, , , , , , , , , , , , , , , , , , , , , , , , , , , ,9,306
1884201N18129,1884,21,WP,MM,NOT_NAMED,1884-07-22 06:00:00,NR,26.9743,118.948, , , ,main,0,0,__________P___, , , , , , , , ,-5, , , , , , , , , , , , , , , , , , , , , , , , , , , , , , , , , , , , , , , , , , , , , , , , , , , , , , , , , , , , , , , , , , , , , , , , , , , , , , , , , , , , , , , , , , , , , , , , , , , , , , , , , ,26.9743,118.948,4, , , , , , , , , , , , , , , , , , , , , , , , , , , ,8,311
1884201N18129,1884,21,WP,MM,NOT_NAMED,1884-07-22 09:00:00,NR,27.2426,118.635, , , ,main,0,0,__________P___, , , , , , , , ,-5, , , , , , , , , , , , , , , , , , , , , , , , , , , , , , , , , , , , , , , , , , , , , , , , , , , , , , , , , , , , , , , , , , , , , , , , , , , , , , , , , , , , , , , , , , , , , , , , , , , , , , , , , ,27.2426,118.635,4, , , , , , , , , , , , , , , , , , , , , , , , , , , ,7,317
1884201N18129,1884,21,WP,MM,NOT_NAMED,1884-07-22 12:00:00,NR,27.5191,118.380, , , ,main,0,0,__________P___, , , , , , , , ,-5, , , , , , , , , , , , , , , , , , , , , , , , , , , , , , , , , , , , , , , , , , , , , , , , , , , , , , , , , , , , , , , , , , , , , , , , , , , , , , , , , , , , , , , , , , , , , , , , , , , , , , , , , ,27.5191,118.380,4, , , , , , , , , , , , , , , , , , , , , , , , , , , ,7,324
1884201N18129,1884,21,WP,MM,NOT_NAMED,1884-07-22 15:00:00,NR,27.8035,118.166, , , ,main,0,0,__________P___, , , , , , , , ,-5, , , , , , , , , , , , , , , , , , , , , , , , , , , , , , , , , , , , , , , , , , , , , , , , , , , , , , , , , , , , , , , , , , , , , , , , , , , , , , , , , , , , , , , , , , , , , , , , , , , , , , , , , ,27.8035,118.166,4, , , , , , , , , , , , , , , , , , , , , , , , , , , ,7,327
1884201N18129,1884,21,WP,MM,NOT_NAMED,1884-07-22 16:00:00,NR,27.9000,118.100, , , ,main,0,0,__________O___, , , , , , , , ,-5, , , , , , , , , , , , , , , , , , , , , , , , , , , , , , , , , , , , , , , , , , , , , , , , , , , , , , , , , , , , , , , , , , , , , , , , , , , , , , , , , , , , , , , , , , , , , , , , , , , , , , , , , ,27.9000,118.100,4, , , , , , , , , , , , , , , , , , , , , , , , , , , ,7,330
1884201N18129,1884,21,WP,MM,NOT_NAMED,1884-07-22 18:00:00,NR,28.0952,117.974, , , ,main,0,0,__________P___, , , , , , , , ,-5, , , , , , , , , , , , , , , , , , , , , , , , , , , , , , , , , , , , , , , , , , , , , , , , , , , , , , , , , , , , , , , , , , , , , , , , , , , , , , , , , , , , , , , , , , , , , , , , , , , , , , , , , ,28.0952,117.974,4, , , , , , , , , , , , , , , , , , , , , , , , , , , ,7,331
1884201N18129,1884,21,WP,MM,NOT_NAMED,1884-07-22 21:00:00,NR,28.3928,117.794, , , ,main,0,0,__________P___, , , , , , , , ,-5, , , , , , , , , , , , , , , , , , , , , , , , , , , , , , , , , , , , , , , , , , , , , , , , , , , , , , , , , , , , , , , , , , , , , , , , , , , , , , , , , , , , , , , , , , , , , , , , , , , , , , , , , ,28.3928,117.794,4, , , , , , , , , , , , , , , , , , , , , , , , , , , ,7,333
1884201N18129,1884,21,WP,MM,NOT_NAMED,1884-07-23 00:00:00,NR,28.6945,117.622, , , ,main,0,0,__________P___, , , , , , , , ,-5, , , , , , , , , , , , , , , , , , , , , , , , , , , , , , , , , , , , , , , , , , , , , , , , , , , , , , , , , , , , , , , , , , , , , , , , , , , , , , , , , , , , , , , , , , , , , , , , , , , , , , , , , ,28.6945,117.622,4, , , , , , , , , , , , , , , , , , , , , , , , , , , ,7,334
1884201N18129,1884,21,WP,MM,NOT_NAMED,1884-07-23 03:00:00,NR,28.9985,117.455, , , ,main,0,0,__________P___, , , , , , , , ,-5, , , , , , , , , , , , , , , , , , , , , , , , , , , , , , , , , , , , , , , , , , , , , , , , , , , , , , , , , , , , , , , , , , , , , , , , , , , , , , , , , , , , , , , , , , , , , , , , , , , , , , , , , ,28.9985,117.455,4, , , , , , , , , , , , , , , , , , , , , , , , , , , ,7,334
1884201N18129,1884,21,WP,MM,NOT_NAMED,1884-07-23 04:00:00,NR,29.1000,117.400, , , ,main,0, ,__________O___, , , , , , , , ,-5, , , , , , , , , , , , , , , , , , , , , , , , , , , , , , , , , , , , , , , , , , , , , , , , , , , , , , , , , , , , , , , , , , , , , , , , , , , , , , , , , , , , , , , , , , , , , , , , , , , , , , , , , ,29.1000,117.400,4, , , , , , , , , , , , , , , , , , , , , , , , , , , ,7,335
1884208N13127,1884,22,WP,MM,NOT_NAMED,1884-07-25 16:00:00,NR,12.9000,126.600, , , ,main,142,124,__________O___, , , , , , , , ,-5, , , , , , , , , , , , , , , , , , , , , , , , , , , , , , , , , , , , , , , , , , , , , , , , , , , , , , , , , , , , , , , , , , , , , , , , , , , , , , , , , , , , , , , , , , , , , , , , , , , , , , , , , ,12.9000,126.600,4, , , , , , , , , , , , , , , , , , , , , , , , , , , ,23,310
1884208N13127,1884,22,WP,MM,NOT_NAMED,1884-07-25 18:00:00,NR,13.3890,125.997, , , ,main,132,78,__________P___, , , , , , , , ,-5, , , , , , , , , , , , , , , , , , , , , , , , , , , , , , , , , , , , , , , , , , , , , , , , , , , , , , , , , , , , , , , , , , , , , , , , , , , , , , , , , , , , , , , , , , , , , , , , , , , , , , , , , ,13.3890,125.997,4, , , , , , , , , , , , , , , , , , , , , , , , , , , ,22,310
1884208N13127,1884,22,WP,MM,NOT_NAMED,1884-07-25 21:00:00,NR,14.0879,125.123, , , ,main,78,59,__________P___, , , , , , , , ,-5, , , , , , , , , , , , , , , , , , , , , , , , , , , , , , , , , , , , , , , , , , , , , , , , , , , , , , , , , , , , , , , , , , , , , , , , , , , , , , , , , , , , , , , , , , , , , , , , , , , , , , , , , ,14.0879,125.123,4, , , , , , , , , , , , , , , , , , , , , , , , , , , ,21,309
1884208N13127,1884,22,WP,MM,NOT_NAMED,1884-07-26 00:00:00,NR,14.7009,124.331, , , ,main,78,78,__________P___, , , , , , , , ,-5, , , , , , , , , , , , , , , , , , , , , , , , , , , , , , , , , , , , , , , , , , , , , , , , , , , , , , , , , , , , , , , , , , , , , , , , , , , , , , , , , , , , , , , , , , , , , , , , , , , , , , , , , ,14.7009,124.331,4, , , , , , , , , , , , , , , , , , , , , , , , , , , ,18,308
1884208N13127,1884,22,WP,MM,NOT_NAMED,1884-07-26 03:00:00,NR,15.1790,123.678, , , ,main,141,134,__________P___, , , , , , , , ,-5, , , , , , , , , , , , , , , , , , , , , , , , , , , , , , , , , , , , , , , , , , , , , , , , , , , , , , , , , , , , , , , , , , , , , , , , , , , , , , , , , , , , , , , , , , , , , , , , , , , , , , , , , ,15.1790,123.678,4, , , , , , , , , , , , , , , , , , , , , , , , , , , ,15,307
1884208N13127,1884,22,WP,MM,NOT_NAMED,1884-07-26 04:00:00,NR,15.3000,123.500, , , ,main,139,132,__________O___, , , , , , , , ,-5, , , , , , , , , , , , , , , , , , , , , , , , , , , , , , , , , , , , , , , , , , , , , , , , , , , , , , , , , , , , , , , , , , , , , , , , , , , , , , , , , , , , , , , , , , , , , , , , , , , , , , , , , ,15.3000,123.500,4, , , , , , , , , , , , , , , , , , , , , , , , , , , ,11,304
1884208N13127,1884,22,WP,MM,NOT_NAMED,1884-07-26 06:00:00,NR,15.4795,123.212, , , ,main,132,100,__________P___, , , , , , , , ,-5, , , , , , , , , , , , , , , , , , , , , , , , , , , , , , , , , , , , , , , , , , , , , , , , , , , , , , , , , , , , , , , , , , , , , , , , , , , , , , , , , , , , , , , , , , , , , , , , , , , , , , , , , ,15.4795,123.212,4, , , , , , , , , , , , , , , , , , , , , , , , , , , ,8,300
1884208N13127,1884,22,WP,MM,NOT_NAMED,1884-07-26 09:00:00,NR,15.6238,122.913, , , ,main,100,77,__________P___, , , , , , , , ,-5, , , , , , , , , , , , , , , , , , , , , , , , , , , , , , , , , , , , , , , , , , , , , , , , , , , , , , , , , , , , , , , , , , , , , , , , , , , , , , , , , , , , , , , , , , , , , , , , , , , , , , , , , ,15.6238,122.913,4, , , , , , , , , , , , , , , , , , , , , , , , , , , ,5,292
1884208N13127,1884,22,WP,MM,NOT_NAMED,1884-07-26 12:00:00,NR,15.6737,122.717, , , ,main,77,69,__________P___, , , , , , , , ,-5, , , , , , , , , , , , , , , , , , , , , , , , , , , , , , , , , , , , , , , , , , , , , , , , , , , , , , , , , , , , , , , , , , , , , , , , , , , , , , , , , , , , , , , , , , , , , , , , , , , , , , , , , ,15.6737,122.717,4, , , , , , , , , , , , , , , , , , , , , , , , , , , ,3,281
1884208N13127,1884,22,WP,MM,NOT_NAMED,1884-07-26 15:00:00,NR,15.6909,122.557, , , ,main,69,61,__________P___, , , , , , , , ,-5, , , , , , , , , , , , , , , , , , , , , , , , , , , , , , , , , , , , , , , , , , , , , , , , , , , , , , , , , , , , , , , , , , , , , , , , , , , , , , , , , , , , , , , , , , , , , , , , , , , , , , , , , ,15.6909,122.557,4, , , , , , , , , , , , , , , , , , , , , , , , , , , ,3,277
1884208N13127,1884,22,WP,MM,NOT_NAMED,1884-07-26 16:00:00,NR,15.7000,122.500, , , ,main,61,39,__________O___, , , , , , , , ,-5, , , , , , , , , , , , , , , , , , , , , , , , , , , , , , , , , , , , , , , , , , , , , , , , , , , , , , , , , , , , , , , , , , , , , , , , , , , , , , , , , , , , , , , , , , , , , , , , , , , , , , , , , ,15.7000,122.500,4, , , , , , , , , , , , , , , , , , , , , , , , , , , ,4,288
1884208N13127,1884,22,WP,MM,NOT_NAMED,1884-07-26 18:00:00,NR,15.7560,122.349, , , ,main,39,24,__________P___, , , , , , , , ,-5, , , , , , , , , , , , , , , , , , , , , , , , , , , , , , , , , , , , , , , , , , , , , , , , , , , , , , , , , , , , , , , , , , , , , , , , , , , , , , , , , , , , , , , , , , , , , , , , , , , , , , , , , ,15.7560,122.349,4, , , , , , , , , , , , , , , , , , , , , , , , , , , ,5,291
1884208N13127,1884,22,WP,MM,NOT_NAMED,1884-07-26 21:00:00,NR,15.8397,122.122, , , ,main,24,11,__________P___, , , , , , , , ,-5, , , , , , , , , , , , , , , , , , , , , , , , , , , , , , , , , , , , , , , , , , , , , , , , , , , , , , , , , , , , , , , , , , , , , , , , , , , , , , , , , , , , , , , , , , , , , , , , , , , , , , , , , ,15.8397,122.122,4, , , , , , , , , , , , , , , , , , , , , , , , , , , ,5,292
1884208N13127,1884,22,WP,MM,NOT_NAMED,1884-07-27 00:00:00,NR,15.9346,121.880, , , ,main,15,0,__________P___, , , , , , , , ,-5, , , , , , , , , , , , , , , , , , , , , , , , , , , , , , , , , , , , , , , , , , , , , , , , , , , , , , , , , , , , , , , , , , , , , , , , , , , , , , , , , , , , , , , , , , , , , , , , , , , , , , , , , ,15.9346,121.880,4, , , , , , , , , , , , , , , , , , , , , , , , , , , ,5,293
1884208N13127,1884,22,WP,MM,NOT_NAMED,1884-07-27 03:00:00,NR,16.0531,121.603, , , ,main,0,0,__________P___, , , , , , , , ,-5, , , , , , , , , , , , , , , , , , , , , , , , , , , , , , , , , , , , , , , , , , , , , , , , , , , , , , , , , , , , , , , , , , , , , , , , , , , , , , , , , , , , , , , , , , , , , , , , , , , , , , , , , ,16.0531,121.603,4, , , , , , , , , , , , , , , , , , , , , , , , , , , ,6,294
1884208N13127,1884,22,WP,MM,NOT_NAMED,1884-07-27 04:00:00,NR,16.1000,121.500, , , ,main,0,0,__________O___, , , , , , , , ,-5, , , , , , , , , , , , , , , , , , , , , , , , , , , , , , , , , , , , , , , , , , , , , , , , , , , , , , , , , , , , , , , , , , , , , , , , , , , , , , , , , , , , , , , , , , , , , , , , , , , , , , , , , ,16.1000,121.500,4, , , , , , , , , , , , , , , , , , , , , , , , , , , ,7,296
1884208N13127,1884,22,WP,MM,NOT_NAMED,1884-07-27 06:00:00,NR,16.2133,121.263, , , ,main,0,0,__________P___, , , , , , , , ,-5, , , , , , , , , , , , , , , , , , , , , , , , , , , , , , , , , , , , , , , , , , , , , , , , , , , , , , , , , , , , , , , , , , , , , , , , , , , , , , , , , , , , , , , , , , , , , , , , , , , , , , , , , ,16.2133,121.263,4, , , , , , , , , , , , , , , , , , , , , , , , , , , ,8,297
1884208N13127,1884,22,WP,MM,NOT_NAMED,1884-07-27 09:00:00,NR,16.4084,120.868, , , ,main,0,0,__________P___, , , , , , , , ,-5, , , , , , , , , , , , , , , , , , , , , , , , , , , , , , , , , , , , , , , , , , , , , , , , , , , , , , , , , , , , , , , , , , , , , , , , , , , , , , , , , , , , , , , , , , , , , , , , , , , , , , , , , ,16.4084,120.868,4, , , , , , , , , , , , , , , , , , , , , , , , , , , ,9,298
1884208N13127,1884,22,WP,MM,NOT_NAMED,1884-07-27 12:00:00,NR,16.6198,120.450, , , ,main,0,0,__________P___, , , , , , , , ,-5, , , , , , , , , , , , , , , , , , , , , , , , , , , , , , , , , , , , , , , , , , , , , , , , , , , , , , , , , , , , , , , , , , , , , , , , , , , , , , , , , , , , , , , , , , , , , , , , , , , , , , , , , ,16.6198,120.450,4, , , , , , , , , , , , , , , , , , , , , , , , , , , ,9,298
1884208N13127,1884,22,WP,MM,NOT_NAMED,1884-07-27 15:00:00,NR,16.8318,120.034, , , ,main,39,39,__________P___, , , , , , , , ,-5, , , , , , , , , , , , , , , , , , , , , , , , , , , , , , , , , , , , , , , , , , , , , , , , , , , , , , , , , , , , , , , , , , , , , , , , , , , , , , , , , , , , , , , , , , , , , , , , , , , , , , , , , ,16.8318,120.034,4, , , , , , , , , , , , , , , , , , , , , , , , , , , ,9,298
1884208N13127,1884,22,WP,MM,NOT_NAMED,1884-07-27 16:00:00,NR,16.9000,119.900, , , ,main,54,54,__________O___, , , , , , , , ,-5, , , , , , , , , , , , , , , , , , , , , , , , , , , , , , , , , , , , , , , , , , , , , , , , , , , , , , , , , , , , , , , , , , , , , , , , , , , , , , , , , , , , , , , , , , , , , , , , , , , , , , , , , ,16.9000,119.900,4, , , , , , , , , , , , , , , , , , , , , , , , , , , ,8,297
1884208N13127,1884,22,WP,MM,NOT_NAMED,1884-07-27 18:00:00,NR,17.0087,119.678, , , ,main,77,77,__________P___, , , , , , , , ,-5, , , , , , , , , , , , , , , , , , , , , , , , , , , , , , , , , , , , , , , , , , , , , , , , , , , , , , , , , , , , , , , , , , , , , , , , , , , , , , , , , , , , , , , , , , , , , , , , , , , , , , , , , ,17.0087,119.678,4, , , , , , , , , , , , , , , , , , , , , , , , , , , ,7,297
1884208N13127,1884,22,WP,MM,NOT_NAMED,1884-07-27 21:00:00,NR,17.1654,119.359, , , ,main,105,113,__________P___, , , , , , , , ,-5, , , , , , , , , , , , , , , , , , , , , , , , , , , , , , , , , , , , , , , , , , , , , , , , , , , , , , , , , , , , , , , , , , , , , , , , , , , , , , , , , , , , , , , , , , , , , , , , , , , , , , , , , ,17.1654,119.359,4, , , , , , , , , , , , , , , , , , , , , , , , , , , ,7,297
1884208N13127,1884,22,WP,MM,NOT_NAMED,1884-07-28 00:00:00,NR,17.3314,119.025, , , ,main,140,139,__________P___, , , , , , , , ,-5, , , , , , , , , , , , , , , , , , , , , , , , , , , , , , , , , , , , , , , , , , , , , , , , , , , , , , , , , , , , , , , , , , , , , , , , , , , , , , , , , , , , , , , , , , , , , , , , , , , , , , , , , ,17.3314,119.025,4, , , , , , , , , , , , , , , , , , , , , , , , , , , ,8,298
1884208N13127,1884,22,WP,MM,NOT_NAMED,1884-07-28 03:00:00,NR,17.5257,118.644, , , ,main,180,180,__________P___, , , , , , , , ,-5, , , , , , , , , , , , , , , , , , , , , , , , , , , , , , , , , , , , , , , , , , , , , , , , , , , , , , , , , , , , , , , , , , , , , , , , , , , , , , , , , , , , , , , , , , , , , , , , , , , , , , , , , ,17.5257,118.644,4, , , , , , , , , , , , , , , , , , , , , , , , , , , ,9,298
1884208N13127,1884,22,WP,MM,NOT_NAMED,1884-07-28 04:00:00,NR,17.6000,118.500, , , ,main,190,190,__________O___, , , , , , , , ,-5, , , , , , , , , , , , , , , , , , , , , , , , , , , , , , , , , , , , , , , , , , , , , , , , , , , , , , , , , , , , , , , , , , , , , , , , , , , , , , , , , , , , , , , , , , , , , , , , , , , , , , , , , ,17.6000,118.500,4, , , , , , , , , , , , , , , , , , , , , , , , , , , ,10,301
1884208N13127,1884,22,WP,MM,NOT_NAMED,1884-07-28 06:00:00,NR,17.7898,118.177, , , ,main,223,234,__________P___, , , , , , , , ,-5, , , , , , , , , , , , , , , , , , , , , , , , , , , , , , , , , , , , , , , , , , , , , , , , , , , , , , , , , , , , , , , , , , , , , , , , , , , , , , , , , , , , , , , , , , , , , , , , , , , , , , , , , ,17.7898,118.177,4, , , , , , , , , , , , , , , , , , , , , , , , , , , ,12,302
1884208N13127,1884,22,WP,MM,NOT_NAMED,1884-07-28 09:00:00,NR,18.1065,117.634, , , ,main,291,291,__________P___, , , , , , , , ,-5, , , , , , , , , , , , , , , , , , , , , , , , , , , , , , , , , , , , , , , , , , , , , , , , , , , , , , , , , , , , , , , , , , , , , , , , , , , , , , , , , , , , , , , , , , , , , , , , , , , , , , , , , ,18.1065,117.634,4, , , , , , , , , , , , , , , , , , , , , , , , , , , ,13,301
1884208N13127,1884,22,WP,MM,NOT_NAMED,1884-07-28 12:00:00,NR,18.4280,117.040, , , ,main,360,360,__________P___, , , , , , , , ,-5, , , , , , , , , , , , , , , , , , , , , , , , , , , , , , , , , , , , , , , , , , , , , , , , , , , , , , , , , , , , , , , , , , , , , , , , , , , , , , , , , , , , , , , , , , , , , , , , , , , , , , , , , ,18.4280,117.040,4, , , , , , , , , , , , , , , , , , , , , , , , , , , ,13,298
1884208N13127,1884,22,WP,MM,NOT_NAMED,1884-07-28 15:00:00,NR,18.7172,116.413, , , ,main,430,430,__________P___, , , , , , , , ,-5, , , , , , , , , , , , , , , , , , , , , , , , , , , , , , , , , , , , , , , , , , , , , , , , , , , , , , , , , , , , , , , , , , , , , , , , , , , , , , , , , , , , , , , , , , , , , , , , , , , , , , , , , ,18.7172,116.413,4, , , , , , , , , , , , , , , , , , , , , , , , , , , ,13,295
1884208N13127,1884,22,WP,MM,NOT_NAMED,1884-07-28 16:00:00,NR,18.8000,116.200, , , ,main,435,407,__________O___, , , , , , , , ,-5, , , , , , , , , , , , , , , , , , , , , , , , , , , , , , , , , , , , , , , , , , , , , , , , , , , , , , , , , , , , , , , , , , , , , , , , , , , , , , , , , , , , , , , , , , , , , , , , , , , , , , , , , ,18.8000,116.200,4, , , , , , , , , , , , , , , , , , , , , , , , , , , ,13,290
1884208N13127,1884,22,WP,MM,NOT_NAMED,1884-07-28 18:00:00,NR,18.9449,115.744, , , ,main,407,365,__________P___, , , , , , , , ,-5, , , , , , , , , , , , , , , , , , , , , , , , , , , , , , , , , , , , , , , , , , , , , , , , , , , , , , , , , , , , , , , , , , , , , , , , , , , , , , , , , , , , , , , , , , , , , , , , , , , , , , , , , ,18.9449,115.744,4, , , , , , , , , , , , , , , , , , , , , , , , , , , ,14,286
1884208N13127,1884,22,WP,MM,NOT_NAMED,1884-07-28 21:00:00,NR,19.1184,115.041, , , ,main,365,335,__________P___, , , , , , , , ,-5, , , , , , , , , , , , , , , , , , , , , , , , , , , , , , , , , , , , , , , , , , , , , , , , , , , , , , , , , , , , , , , , , , , , , , , , , , , , , , , , , , , , , , , , , , , , , , , , , , , , , , , , , ,19.1184,115.041,4, , , , , , , , , , , , , , , , , , , , , , , , , , , ,13,283
1884208N13127,1884,22,WP,MM,NOT_NAMED,1884-07-29 00:00:00,NR,19.2358,114.365, , , ,main,335,295,__________P___, , , , , , , , ,-5, , , , , , , , , , , , , , , , , , , , , , , , , , , , , , , , , , , , , , , , , , , , , , , , , , , , , , , , , , , , , , , , , , , , , , , , , , , , , , , , , , , , , , , , , , , , , , , , , , , , , , , , , ,19.2358,114.365,4, , , , , , , , , , , , , , , , , , , , , , , , , , , ,12,278
1884208N13127,1884,22,WP,MM,NOT_NAMED,1884-07-29 03:00:00,NR,19.2941,113.770, , , ,main,295,274,__________P___, , , , , , , , ,-5, , , , , , , , , , , , , , , , , , , , , , , , , , , , , , , , , , , , , , , , , , , , , , , , , , , , , , , , , , , , , , , , , , , , , , , , , , , , , , , , , , , , , , , , , , , , , , , , , , , , , , , , , ,19.2941,113.770,4, , , , , , , , , , , , , , , , , , , , , , , , , , , ,11,275
1884208N13127,1884,22,WP,MM,NOT_NAMED,1884-07-29 04:00:00,NR,19.3000,113.600, , , ,main,274,243,__________O___, , , , , , , , ,-5, , , , , , , , , , , , , , , , , , , , , , , , , , , , , , , , , , , , , , , , , , , , , , , , , , , , , , , , , , , , , , , , , , , , , , , , , , , , , , , , , , , , , , , , , , , , , , , , , , , , , , , , , ,19.3000,113.600,4, , , , , , , , , , , , , , , , , , , , , , , , , , , ,8,270
1884208N13127,1884,22,WP,MM,NOT_NAMED,1884-07-29 06:00:00,NR,19.2972,113.331, , , ,main,243,214,__________P___, , , , , , , , ,-5, , , , , , , , , , , , , , , , , , , , , , , , , , , , , , , , , , , , , , , , , , , , , , , , , , , , , , , , , , , , , , , , , , , , , , , , , , , , , , , , , , , , , , , , , , , , , , , , , , , , , , , , , ,19.2972,113.331,4, , , , , , , , , , , , , , , , , , , , , , , , , , , ,7,264
1884208N13127,1884,22,WP,MM,NOT_NAMED,1884-07-29 09:00:00,NR,19.2436,113.022, , , ,main,214,194,__________P___, , , , , , , , ,-5, , , , , , , , , , , , , , , , , , , , , , , , , , , , , , , , , , , , , , , , , , , , , , , , , , , , , , , , , , , , , , , , , , , , , , , , , , , , , , , , , , , , , , , , , , , , , , , , , , , , , , , , , ,19.2436,113.022,4, , , , , , , , , , , , , , , , , , , , , , , , , , , ,5,254
1884208N13127,1884,22,WP,MM,NOT_NAMED,1884-07-29 12:00:00,NR,19.1501,112.785, , , ,main,194,176,__________P___, , , , , , , , ,-5, , , , , , , , , , , , , , , , , , , , , , , , , , , , , , , , , , , , , , , , , , , , , , , , , , , , , , , , , , , , , , , , , , , , , , , , , , , , , , , , , , , , , , , , , , , , , , , , , , , , , , , , , ,19.1501,112.785,4, , , , , , , , , , , , , , , , , , , , , , , , , , , ,5,244
1884208N13127,1884,22,WP,MM,NOT_NAMED,1884-07-29 15:00:00,NR,19.0379,112.573, , , ,main,180,171,__________P___, , , , , , , , ,-5, , , , , , , , , , , , , , , , , , , , , , , , , , , , , , , , , , , , , , , , , , , , , , , , , , , , , , , , , , , , , , , , , , , , , , , , , , , , , , , , , , , , , , , , , , , , , , , , , , , , , , , , , ,19.0379,112.573,4, , , , , , , , , , , , , , , , , , , , , , , , , , , ,5,241
1884208N13127,1884,22,WP,MM,NOT_NAMED,1884-07-29 16:00:00,NR,19.0000,112.500, , , ,main,171,161,__________O___, , , , , , , , ,-5, , , , , , , , , , , , , , , , , , , , , , , , , , , , , , , , , , , , , , , , , , , , , , , , , , , , , , , , , , , , , , , , , , , , , , , , , , , , , , , , , , , , , , , , , , , , , , , , , , , , , , , , , ,19.0000,112.500,4, , , , , , , , , , , , , , , , , , , , , , , , , , , ,4,246
1884208N13127,1884,22,WP,MM,NOT_NAMED,1884-07-29 18:00:00,NR,18.9488,112.359, , , ,main,166,139,__________P___, , , , , , , , ,-5, , , , , , , , , , , , , , , , , , , , , , , , , , , , , , , , , , , , , , , , , , , , , , , , , , , , , , , , , , , , , , , , , , , , , , , , , , , , , , , , , , , , , , , , , , , , , , , , , , , , , , , , , ,18.9488,112.359,4, , , , , , , , , , , , , , , , , , , , , , , , , , , ,4,248
1884208N13127,1884,22,WP,MM,NOT_NAMED,1884-07-29 21:00:00,NR,18.8661,112.148, , , ,main,139,130,__________P___, , , , , , , , ,-5, , , , , , , , , , , , , , , , , , , , , , , , , , , , , , , , , , , , , , , , , , , , , , , , , , , , , , , , , , , , , , , , , , , , , , , , , , , , , , , , , , , , , , , , , , , , , , , , , , , , , , , , , ,18.8661,112.148,4, , , , , , , , , , , , , , , , , , , , , , , , , , , ,5,248
1884208N13127,1884,22,WP,MM,NOT_NAMED,1884-07-30 00:00:00,NR,18.7686,111.894, , , ,main,130,104,__________P___, , , , , , , , ,-5, , , , , , , , , , , , , , , , , , , , , , , , , , , , , , , , , , , , , , , , , , , , , , , , , , , , , , , , , , , , , , , , , , , , , , , , , , , , , , , , , , , , , , , , , , , , , , , , , , , , , , , , , ,18.7686,111.894,4, , , , , , , , , , , , , , , , , , , , , , , , , , , ,6,249
1884208N13127,1884,22,WP,MM,NOT_NAMED,1884-07-30 03:00:00,NR,18.6473,111.546, , , ,main,104,95,__________P___, , , , , , , , ,-5, , , , , , , , , , , , , , , , , , , , , , , , , , , , , , , , , , , , , , , , , , , , , , , , , , , , , , , , , , , , , , , , , , , , , , , , , , , , , , , , , , , , , , , , , , , , , , , , , , , , , , , , , ,18.6473,111.546,4, , , , , , , , , , , , , , , , , , , , , , , , , , , ,7,250
1884208N13127,1884,22,WP,MM,NOT_NAMED,1884-07-30 04:00:00,NR,18.6000,111.400, , , ,main,95,62,__________O___, , , , , , , , ,-5, , , , , , , , , , , , , , , , , , , , , , , , , , , , , , , , , , , , , , , , , , , , , , , , , , , , , , , , , , , , , , , , , , , , , , , , , , , , , , , , , , , , , , , , , , , , , , , , , , , , , , , , , ,18.6000,111.400,4, , , , , , , , , , , , , , , , , , , , , , , , , , , ,10,252
1884208N13127,1884,22,WP,MM,NOT_NAMED,1884-07-30 06:00:00,NR,18.4877,111.033, , , ,main,62,38,__________P___, , , , , , , , ,-5, , , , , , , , , , , , , , , , , , , , , , , , , , , , , , , , , , , , , , , , , , , , , , , , , , , , , , , , , , , , , , , , , , , , , , , , , , , , , , , , , , , , , , , , , , , , , , , , , , , , , , , , , ,18.4877,111.033,4, , , , , , , , , , , , , , , , , , , , , , , , , , , ,12,252
1884208N13127,1884,22,WP,MM,NOT_NAMED,1884-07-30 09:00:00,NR,18.2934,110.382, , , ,main,38,11,__________P___, , , , , , , , ,-5, , , , , , , , , , , , , , , , , , , , , , , , , , , , , , , , , , , , , , , , , , , , , , , , , , , , , , , , , , , , , , , , , , , , , , , , , , , , , , , , , , , , , , , , , , , , , , , , , , , , , , , , , ,18.2934,110.382,4, , , , , , , , , , , , , , , , , , , , , , , , , , , ,14,253
1884208N13127,1884,22,WP,MM,NOT_NAMED,1884-07-30 12:00:00,NR,18.0817,109.662, , , ,main,11,11,__________P___, , , , , , , , ,-5, , , , , , , , , , , , , , , , , , , , , , , , , , , , , , , , , , , , , , , , , , , , , , , , , , , , , , , , , , , , , , , , , , , , , , , , , , , , , , , , , , , , , , , , , , , , , , , , , , , , , , , , , ,18.0817,109.662,4, , , , , , , , , , , , , , , , , , , , , , , , , , , ,14,253
1884208N13127,1884,22,WP,MM,NOT_NAMED,1884-07-30 15:00:00,NR,17.8685,108.934, , , ,main,56,56,__________P___, , , , , , , , ,-5, , , , , , , , , , , , , , , , , , , , , , , , , , , , , , , , , , , , , , , , , , , , , , , , , , , , , , , , , , , , , , , , , , , , , , , , , , , , , , , , , , , , , , , , , , , , , , , , , , , , , , , , , ,17.8685,108.934,4, , , , , , , , , , , , , , , , , , , , , , , , , , , ,14,253
1884208N13127,1884,22,WP,MM,NOT_NAMED,1884-07-30 16:00:00,NR,17.8000,108.700, , , ,main,74,74,__________O___, , , , , , , , ,-5, , , , , , , , , , , , , , , , , , , , , , , , , , , , , , , , , , , , , , , , , , , , , , , , , , , , , , , , , , , , , , , , , , , , , , , , , , , , , , , , , , , , , , , , , , , , , , , , , , , , , , , , , ,17.8000,108.700,4, , , , , , , , , , , , , , , , , , , , , , , , , , , ,14,253
1884208N13127,1884,22,WP,MM,NOT_NAMED,1884-07-30 18:00:00,NR,17.6694,108.253, , , ,main,98,69,__________P___, , , , , , , , ,-5, , , , , , , , , , , , , , , , , , , , , , , , , , , , , , , , , , , , , , , , , , , , , , , , , , , , , , , , , , , , , , , , , , , , , , , , , , , , , , , , , , , , , , , , , , , , , , , , , , , , , , , , , ,17.6694,108.253,4, , , , , , , , , , , , , , , , , , , , , , , , , , , ,13,253
1884208N13127,1884,22,WP,MM,NOT_NAMED,1884-07-30 21:00:00,NR,17.4876,107.629, , , ,main,69,15,__________P___, , , , , , , , ,-5, , , , , , , , , , , , , , , , , , , , , , , , , , , , , , , , , , , , , , , , , , , , , , , , , , , , , , , , , , , , , , , , , , , , , , , , , , , , , , , , , , , , , , , , , , , , , , , , , , , , , , , , , ,17.4876,107.629,4, , , , , , , , , , , , , , , , , , , , , , , , , , , ,12,253
1884208N13127,1884,22,WP,MM,NOT_NAMED,1884-07-31 00:00:00,NR,17.3177,107.045, , , ,main,15,0,__________P___, , , , , , , , ,-5, , , , , , , , , , , , , , , , , , , , , , , , , , , , , , , , , , , , , , , , , , , , , , , , , , , , , , , , , , , , , , , , , , , , , , , , , , , , , , , , , , , , , , , , , , , , , , , , , , , , , , , , , ,17.3177,107.045,4, , , , , , , , , , , , , , , , , , , , , , , , , , , ,11,253
1884208N13127,1884,22,WP,MM,NOT_NAMED,1884-07-31 03:00:00,NR,17.1541,106.485, , , ,main,0,0,__________P___, , , , , , , , ,-5, , , , , , , , , , , , , , , , , , , , , , , , , , , , , , , , , , , , , , , , , , , , , , , , , , , , , , , , , , , , , , , , , , , , , , , , , , , , , , , , , , , , , , , , , , , , , , , , , , , , , , , , , ,17.1541,106.485,4, , , , , , , , , , , , , , , , , , , , , , , , , , , ,11,253
1884208N13127,1884,22,WP,MM,NOT_NAMED,1884-07-31 04:00:00,NR,17.1000,106.300, , , ,main,0, ,__________O___, , , , , , , , ,-5, , , , , , , , , , , , , , , , , , , , , , , , , , , , , , , , , , , , , , , , , , , , , , , , , , , , , , , , , , , , , , , , , , , , , , , , , , , , , , , , , , , , , , , , , , , , , , , , , , , , , , , , , ,17.1000,106.300,7, , , , , , , , , , , , , , , , , , , , , , , , , , , ,11,253
1884215N13130,1884,23,WP,MM,NOT_NAMED,1884-08-01 16:00:00,NR,12.7000,129.700, , , ,main,459,403,__________O___, , , , , , , , ,-5, , , , , , , , , , , , , , , , , , , , , , , , , , , , , , , , , , , , , , , , , , , , , , , , , , , , , , , , , , , , , , , , , , , , , , , , , , , , , , , , , , , , , , , , , , , , , , , , , , , , , , , , , ,12.7000,129.700,7, , , , , , , , , , , , , , , , , , , , , , , , , , , ,22,307
1884215N13130,1884,23,WP,MM,NOT_NAMED,1884-08-01 18:00:00,NR,13.1432,129.091, , , ,main,403,343,__________P___, , , , , , , , ,-5, , , , , , , , , , , , , , , , , , , , , , , , , , , , , , , , , , , , , , , , , , , , , , , , , , , , , , , , , , , , , , , , , , , , , , , , , , , , , , , , , , , , , , , , , , , , , , , , , , , , , , , , , ,13.1432,129.091,7, , , , , , , , , , , , , , , , , , , , , , , , , , , ,22,307
1884215N13130,1884,23,WP,MM,NOT_NAMED,1884-08-01 21:00:00,NR,13.7843,128.210, , , ,main,343,319,__________P___, , , , , , , , ,-5, , , , , , , , , , , , , , , , , , , , , , , , , , , , , , , , , , , , , , , , , , , , , , , , , , , , , , , , , , , , , , , , , , , , , , , , , , , , , , , , , , , , , , , , , , , , , , , , , , , , , , , , , ,13.7843,128.210,7, , , , , , , , , , , , , , , , , , , , , , , , , , , ,20,307
1884215N13130,1884,23,WP,MM,NOT_NAMED,1884-08-02 00:00:00,NR,14.3675,127.418, , , ,main,319,277,__________P___, , , , , , , , ,-5, , , , , , , , , , , , , , , , , , , , , , , , , , , , , , , , , , , , , , , , , , , , , , , , , , , , , , , , , , , , , , , , , , , , , , , , , , , , , , , , , , , , , , , , , , , , , , , , , , , , , , , , , ,14.3675,127.418,7, , , , , , , , , , , , , , , , , , , , , , , , , , , ,18,308
1884215N13130,1884,23,WP,MM,NOT_NAMED,1884-08-02 03:00:00,NR,14.8609,126.773, , , ,main,281,267,__________P___, , , , , , , , ,-5, , , , , , , , , , , , , , , , , , , , , , , , , , , , , , , , , , , , , , , , , , , , , , , , , , , , , , , , , , , , , , , , , , , , , , , , , , , , , , , , , , , , , , , , , , , , , , , , , , , , , , , , , ,14.8609,126.773,7, , , , , , , , , , , , , , , , , , , , , , , , , , , ,15,309
1884215N13130,1884,23,WP,MM,NOT_NAMED,1884-08-02 04:00:00,NR,15.0000,126.600, , , ,main,267,251,__________O___, , , , , , , , ,-5, , , , , , , , , , , , , , , , , , , , , , , , , , , , , , , , , , , , , , , , , , , , , , , , , , , , , , , , , , , , , , , , , , , , , , , , , , , , , , , , , , , , , , , , , , , , , , , , , , , , , , , , , ,15.0000,126.600,7, , , , , , , , , , , , , , , , , , , , , , , , , , , ,11,311
1884215N13130,1884,23,WP,MM,NOT_NAMED,1884-08-02 06:00:00,NR,15.2370,126.326, , , ,main,251,248,__________P___, , , , , , , , ,-5, , , , , , , , , , , , , , , , , , , , , , , , , , , , , , , , , , , , , , , , , , , , , , , , , , , , , , , , , , , , , , , , , , , , , , , , , , , , , , , , , , , , , , , , , , , , , , , , , , , , , , , , , ,15.2370,126.326,7, , , , , , , , , , , , , , , , , , , , , , , , , , , ,9,315
1884215N13130,1884,23,WP,MM,NOT_NAMED,1884-08-02 09:00:00,NR,15.5116,126.061, , , ,main,256,248,__________P___, , , , , , , , ,-5, , , , , , , , , , , , , , , , , , , , , , , , , , , , , , , , , , , , , , , , , , , , , , , , , , , , , , , , , , , , , , , , , , , , , , , , , , , , , , , , , , , , , , , , , , , , , , , , , , , , , , , , , ,15.5116,126.061,7, , , , , , , , , , , , , , , , , , , , , , , , , , , ,6,321
1884215N13130,1884,23,WP,MM,NOT_NAMED,1884-08-02 12:00:00,NR,15.7279,125.916, , , ,main,256,256,__________P___, , , , , , , , ,-5, , , , , , , , , , , , , , , , , , , , , , , , , , , , , , , , , , , , , , , , , , , , , , , , , , , , , , , , , , , , , , , , , , , , , , , , , , , , , , , , , , , , , , , , , , , , , , , , , , , , , , , , , ,15.7279,125.916,7, , , , , , , , , , , , , , , , , , , , , , , , , , , ,5,332
1884215N13130,1884,23,WP,MM,NOT_NAMED,1884-08-02 15:00:00,NR,15.9289,125.828, , , ,main,266,266,__________P___, , , , , , , , ,-5, , , , , , , , , , , , , , , , , , , , , , , , , , , , , , , , , , , , , , , , , , , , , , , , , , , , , , , , , , , , , , , , , , , , , , , , , , , , , , , , , , , , , , , , , , , , , , , , , , , , , , , , , ,15.9289,125.828,7, , , , , , , , , , , , , , , , , , , , , , , , , , , ,4,338
1884215N13130,1884,23,WP,MM,NOT_NAMED,1884-08-02 16:00:00,NR,16.0000,125.800, , , ,main,275,275,__________O___, , , , , , , , ,-5, , , , , , , , , , , , , , , , , , , , , , , , , , , , , , , , , , , , , , , , , , , , , , , , , , , , , , , , , , , , , , , , , , , , , , , , , , , , , , , , , , , , , , , , , , , , , , , , , , , , , , , , , ,16.0000,125.800,7, , , , , , , , , , , , , , , , , , , , , , , , , , , ,6,333
1884215N13130,1884,23,WP,MM,NOT_NAMED,1884-08-02 18:00:00,NR,16.1749,125.699, , , ,main,288,288,__________P___, , , , , , , , ,-5, , , , , , , , , , , , , , , , , , , , , , , , , , , , , , , , , , , , , , , , , , , , , , , , , , , , , , , , , , , , , , , , , , , , , , , , , , , , , , , , , , , , , , , , , , , , , , , , , , , , , , , , , ,16.1749,125.699,7, , , , , , , , , , , , , , , , , , , , , , , , , , , ,6,333
1884215N13130,1884,23,WP,MM,NOT_NAMED,1884-08-02 21:00:00,NR,16.4436,125.567, , , ,main,302,308,__________P___, , , , , , , , ,-5, , , , , , , , , , , , , , , , , , , , , , , , , , , , , , , , , , , , , , , , , , , , , , , , , , , , , , , , , , , , , , , , , , , , , , , , , , , , , , , , , , , , , , , , , , , , , , , , , , , , , , , , , ,16.4436,125.567,7, , , , , , , , , , , , , , , , , , , , , , , , , , , ,6,336
1884215N13130,1884,23,WP,MM,NOT_NAMED,1884-08-03 00:00:00,NR,16.7199,125.450, , , ,main,320,297,__________P___, , , , , , , , ,-5, , , , , , , , , , , , , , , , , , , , , , , , , , , , , , , , , , , , , , , , , , , , , , , , , , , , , , , , , , , , , , , , , , , , , , , , , , , , , , , , , , , , , , , , , , , , , , , , , , , , , , , , , ,16.7199,125.450,7, , , , , , , , , , , , , , , , , , , , , , , , , , , ,6,339
1884215N13130,1884,23,WP,MM,NOT_NAMED,1884-08-03 03:00:00,NR,17.0037,125.338, , , ,main,297,297,__________P___, , , , , , , , ,-5, , , , , , , , , , , , , , , , , , , , , , , , , , , , , , , , , , , , , , , , , , , , , , , , , , , , , , , , , , , , , , , , , , , , , , , , , , , , , , , , , , , , , , , , , , , , , , , , , , , , , , , , , ,17.0037,125.338,7, , , , , , , , , , , , , , , , , , , , , , , , , , , ,6,340
1884215N13130,1884,23,WP,MM,NOT_NAMED,1884-08-03 04:00:00,NR,17.1000,125.300, , , ,main,297,287,__________O___, , , , , , , , ,-5, , , , , , , , , , , , , , , , , , , , , , , , , , , , , , , , , , , , , , , , , , , , , , , , , , , , , , , , , , , , , , , , , , , , , , , , , , , , , , , , , , , , , , , , , , , , , , , , , , , , , , , , , ,17.1000,125.300,7, , , , , , , , , , , , , , , , , , , , , , , , , , , ,6,336
1884215N13130,1884,23,WP,MM,NOT_NAMED,1884-08-03 06:00:00,NR,17.2917,125.209, , , ,main,288,279,__________P___, , , , , , , , ,-5, , , , , , , , , , , , , , , , , , , , , , , , , , , , , , , , , , , , , , , , , , , , , , , , , , , , , , , , , , , , , , , , , , , , , , , , , , , , , , , , , , , , , , , , , , , , , , , , , , , , , , , , , ,17.2917,125.209,7, , , , , , , , , , , , , , , , , , , , , , , , , , , ,6,336
1884215N13130,1884,23,WP,MM,NOT_NAMED,1884-08-03 09:00:00,NR,17.5855,125.072, , , ,main,284,273,__________P___, , , , , , , , ,-5, , , , , , , , , , , , , , , , , , , , , , , , , , , , , , , , , , , , , , , , , , , , , , , , , , , , , , , , , , , , , , , , , , , , , , , , , , , , , , , , , , , , , , , , , , , , , , , , , , , , , , , , , ,17.5855,125.072,7, , , , , , , , , , , , , , , , , , , , , , , , , , , ,7,337
1884215N13130,1884,23,WP,MM,NOT_NAMED,1884-08-03 12:00:00,NR,17.8867,124.943, , , ,main,273,264,__________P___, , , , , , , , ,-5, , , , , , , , , , , , , , , , , , , , , , , , , , , , , , , , , , , , , , , , , , , , , , , , , , , , , , , , , , , , , , , , , , , , , , , , , , , , , , , , , , , , , , , , , , , , , , , , , , , , , , , , , ,17.8867,124.943,7, , , , , , , , , , , , , , , , , , , , , , , , , , , ,7,339
1884215N13130,1884,23,WP,MM,NOT_NAMED,1884-08-03 15:00:00,NR,18.1954,124.832, , , ,main,264,263,__________P___, , , , , , , , ,-5, , , , , , , , , , , , , , , , , , , , , , , , , , , , , , , , , , , , , , , , , , , , , , , , , , , , , , , , , , , , , , , , , , , , , , , , , , , , , , , , , , , , , , , , , , , , , , , , , , , , , , , , , ,18.1954,124.832,7, , , , , , , , , , , , , , , , , , , , , , , , , , , ,7,342
1884215N13130,1884,23,WP,MM,NOT_NAMED,1884-08-03 16:00:00,NR,18.3000,124.800, , , ,main,263,253,__________O___, , , , , , , , ,-5, , , , , , , , , , , , , , , , , , , , , , , , , , , , , , , , , , , , , , , , , , , , , , , , , , , , , , , , , , , , , , , , , , , , , , , , , , , , , , , , , , , , , , , , , , , , , , , , , , , , , , , , , ,18.3000,124.800,7, , , , , , , , , , , , , , , , , , , , , , , , , , , ,6,346
1884215N13130,1884,23,WP,MM,NOT_NAMED,1884-08-03 18:00:00,NR,18.5031,124.747, , , ,main,253,253,__________P___, , , , , , , , ,-5, , , , , , , , , , , , , , , , , , , , , , , , , , , , , , , , , , , , , , , , , , , , , , , , , , , , , , , , , , , , , , , , , , , , , , , , , , , , , , , , , , , , , , , , , , , , , , , , , , , , , , , , , ,18.5031,124.747,7, , , , , , , , , , , , , , , , , , , , , , , , , , , ,6,348
1884215N13130,1884,23,WP,MM,NOT_NAMED,1884-08-03 21:00:00,NR,18.8138,124.686, , , ,main,256,254,__________P___, , , , , , , , ,-5, , , , , , , , , , , , , , , , , , , , , , , , , , , , , , , , , , , , , , , , , , , , , , , , , , , , , , , , , , , , , , , , , , , , , , , , , , , , , , , , , , , , , , , , , , , , , , , , , , , , , , , , , ,18.8138,124.686,7, , , , , , , , , , , , , , , , , , , , , , , , , , , ,6,351
1884215N13130,1884,23,WP,MM,NOT_NAMED,1884-08-04 00:00:00,NR,19.1375,124.642, , , ,main,254,258,__________P___, , , , , , , , ,-5, , , , , , , , , , , , , , , , , , , , , , , , , , , , , , , , , , , , , , , , , , , , , , , , , , , , , , , , , , , , , , , , , , , , , , , , , , , , , , , , , , , , , , , , , , , , , , , , , , , , , , , , , ,19.1375,124.642,7, , , , , , , , , , , , , , , , , , , , , , , , , , , ,7,354
1884215N13130,1884,23,WP,MM,NOT_NAMED,1884-08-04 03:00:00,NR,19.4804,124.610, , , ,main,271,271,__________P___, , , , , , , , ,-5, , , , , , , , , , , , , , , , , , , , , , , , , , , , , , , , , , , , , , , , , , , , , , , , , , , , , , , , , , , , , , , , , , , , , , , , , , , , , , , , , , , , , , , , , , , , , , , , , , , , , , , , , ,19.4804,124.610,7, , , , , , , , , , , , , , , , , , , , , , , , , , , ,7,354
1884215N13130,1884,23,WP,MM,NOT_NAMED,1884-08-04 04:00:00,NR,19.6000,124.600, , , ,main,276,276,__________O___, , , , , , , , ,-5, , , , , , , , , , , , , , , , , , , , , , , , , , , , , , , , , , , , , , , , , , , , , , , , , , , , , , , , , , , , , , , , , , , , , , , , , , , , , , , , , , , , , , , , , , , , , , , , , , , , , , , , , ,19.6000,124.600,7, , , , , , , , , , , , , , , , , , , , , , , , , , , ,8,355
1884215N13130,1884,23,WP,MM,NOT_NAMED,1884-08-04 06:00:00,NR,19.8626,124.572, , , ,main,294,294,__________P___, , , , , , , , ,-5, , , , , , , , , , , , , , , , , , , , , , , , , , , , , , , , , , , , , , , , , , , , , , , , , , , , , , , , , , , , , , , , , , , , , , , , , , , , , , , , , , , , , , , , , , , , , , , , , , , , , , , , , ,19.8626,124.572,7, , , , , , , , , , , , , , , , , , , , , , , , , , , ,8,355
1884215N13130,1884,23,WP,MM,NOT_NAMED,1884-08-04 09:00:00,NR,20.2758,124.537, , , ,main,313,313,__________P___, , , , , , , , ,-5, , , , , , , , , , , , , , , , , , , , , , , , , , , , , , , , , , , , , , , , , , , , , , , , , , , , , , , , , , , , , , , , , , , , , , , , , , , , , , , , , , , , , , , , , , , , , , , , , , , , , , , , , ,20.2758,124.537,7, , , , , , , , , , , , , , , , , , , , , , , , , , , ,8,356
1884215N13130,1884,23,WP,MM,NOT_NAMED,1884-08-04 12:00:00,NR,20.6899,124.512, , , ,main,345,345,__________P___, , , , , , , , ,-5, , , , , , , , , , , , , , , , , , , , , , , , , , , , , , , , , , , , , , , , , , , , , , , , , , , , , , , , , , , , , , , , , , , , , , , , , , , , , , , , , , , , , , , , , , , , , , , , , , , , , , , , , ,20.6899,124.512,7, , , , , , , , , , , , , , , , , , , , , , , , , , , ,8,357
1884215N13130,1884,23,WP,MM,NOT_NAMED,1884-08-04 15:00:00,NR,21.0797,124.500, , , ,main,379,379,__________P___, , , , , , , , ,-5, , , , , , , , , , , , , , , , , , , , , , , , , , , , , , , , , , , , , , , , , , , , , , , , , , , , , , , , , , , , , , , , , , , , , , , , , , , , , , , , , , , , , , , , , , , , , , , , , , , , , , , , , ,21.0797,124.500,7, , , , , , , , , , , , , , , , , , , , , , , , , , , ,8,0
1884215N13130,1884,23,WP,MM,NOT_NAMED,1884-08-04 16:00:00,NR,21.2000,124.500, , , ,main,380,371,__________O___, , , , , , , , ,-5, , , , , , , , , , , , , , , , , , , , , , , , , , , , , , , , , , , , , , , , , , , , , , , , , , , , , , , , , , , , , , , , , , , , , , , , , , , , , , , , , , , , , , , , , , , , , , , , , , , , , , , , , ,21.2000,124.500,7, , , , , , , , , , , , , , , , , , , , , , , , , , , ,7,4
1884215N13130,1884,23,WP,MM,NOT_NAMED,1884-08-04 18:00:00,NR,21.4145,124.505, , , ,main,371,354,__________P___, , , , , , , , ,-5, , , , , , , , , , , , , , , , , , , , , , , , , , , , , , , , , , , , , , , , , , , , , , , , , , , , , , , , , , , , , , , , , , , , , , , , , , , , , , , , , , , , , , , , , , , , , , , , , , , , , , , , , ,21.4145,124.505,7, , , , , , , , , , , , , , , , , , , , , , , , , , , ,6,2
1884215N13130,1884,23,WP,MM,NOT_NAMED,1884-08-04 21:00:00,NR,21.7048,124.526, , , ,main,354,345,__________P___, , , , , , , , ,-5, , , , , , , , , , , , , , , , , , , , , , , , , , , , , , , , , , , , , , , , , , , , , , , , , , , , , , , , , , , , , , , , , , , , , , , , , , , , , , , , , , , , , , , , , , , , , , , , , , , , , , , , , ,21.7048,124.526,7, , , , , , , , , , , , , , , , , , , , , , , , , , , ,6,4
1884215N13130,1884,23,WP,MM,NOT_NAMED,1884-08-05 00:00:00,NR,21.9684,124.556, , , ,main,350,343,__________P___, , , , , , , , ,-5, , , , , , , , , , , , , , , , , , , , , , , , , , , , , , , , , , , , , , , , , , , , , , , , , , , , , , , , , , , , , , , , , , , , , , , , , , , , , , , , , , , , , , , , , , , , , , , , , , , , , , , , , ,21.9684,124.556,7, , , , , , , , , , , , , , , , , , , , , , , , , , , ,5,6
1884215N13130,1884,23,WP,MM,NOT_NAMED,1884-08-05 03:00:00,NR,22.2178,124.589, , , ,main,343,340,__________P___, , , , , , , , ,-5, , , , , , , , , , , , , , , , , , , , , , , , , , , , , , , , , , , , , , , , , , , , , , , , , , , , , , , , , , , , , , , , , , , , , , , , , , , , , , , , , , , , , , , , , , , , , , , , , , , , , , , , , ,22.2178,124.589,7, , , , , , , , , , , , , , , , , , , , , , , , , , , ,5,6
1884215N13130,1884,23,WP,MM,NOT_NAMED,1884-08-05 04:00:00,NR,22.3000,124.600, , , ,main,340,334,__________O___, , , , , , , , ,-5, , , , , , , , , , , , , , , , , , , , , , , , , , , , , , , , , , , , , , , , , , , , , , , , , , , , , , , , , , , , , , , , , , , , , , , , , , , , , , , , , , , , , , , , , , , , , , , , , , , , , , , , , ,22.3000,124.600,7, , , , , , , , , , , , , , , , , , , , , , , , , , , ,5,6
1884215N13130,1884,23,WP,MM,NOT_NAMED,1884-08-05 06:00:00,NR,22.4697,124.612, , , ,main,334,330,__________P___, , , , , , , , ,-5, , , , , , , , , , , , , , , , , , , , , , , , , , , , , , , , , , , , , , , , , , , , , , , , , , , , , , , , , , , , , , , , , , , , , , , , , , , , , , , , , , , , , , , , , , , , , , , , , , , , , , , , , ,22.4697,124.612,7, , , , , , , , , , , , , , , , , , , , , , , , , , , ,5,3
1884215N13130,1884,23,WP,MM,NOT_NAMED,1884-08-05 09:00:00,NR,22.7180,124.629, , , ,main,330,321,__________P___, , , , , , , , ,-5, , , , , , , , , , , , , , , , , , , , , , , , , , , , , , , , , , , , , , , , , , , , , , , , , , , , , , , , , , , , , , , , , , , , , , , , , , , , , , , , , , , , , , , , , , , , , , , , , , , , , , , , , ,22.7180,124.629,7, , , , , , , , , , , , , , , , , , , , , , , , , , , ,5,4
1884215N13130,1884,23,WP,MM,NOT_NAMED,1884-08-05 12:00:00,NR,22.9642,124.651, , , ,main,330,319,__________P___, , , , , , , , ,-5, , , , , , , , , , , , , , , , , , , , , , , , , , , , , , , , , , , , , , , , , , , , , , , , , , , , , , , , , , , , , , , , , , , , , , , , , , , , , , , , , , , , , , , , , , , , , , , , , , , , , , , , , ,22.9642,124.651,7, , , , , , , , , , , , , , , , , , , , , , , , , , , ,5,7
1884215N13130,1884,23,WP,MM,NOT_NAMED,1884-08-05 15:00:00,NR,23.2145,124.685, , , ,main,319,314,__________P___, , , , , , , , ,-5, , , , , , , , , , , , , , , , , , , , , , , , , , , , , , , , , , , , , , , , , , , , , , , , , , , , , , , , , , , , , , , , , , , , , , , , , , , , , , , , , , , , , , , , , , , , , , , , , , , , , , , , , ,23.2145,124.685,7, , , , , , , , , , , , , , , , , , , , , , , , , , , ,5,7
1884215N13130,1884,23,WP,MM,NOT_NAMED,1884-08-05 16:00:00,NR,23.3000,124.700, , , ,main,314,305,__________O___, , , , , , , , ,-5, , , , , , , , , , , , , , , , , , , , , , , , , , , , , , , , , , , , , , , , , , , , , , , , , , , , , , , , , , , , , , , , , , , , , , , , , , , , , , , , , , , , , , , , , , , , , , , , , , , , , , , , , ,23.3000,124.700,7, , , , , , , , , , , , , , , , , , , , , , , , , , , ,5,12
1884215N13130,1884,23,WP,MM,NOT_NAMED,1884-08-05 18:00:00,NR,23.4829,124.739, , , ,main,305,304,__________P___, , , , , , , , ,-5, , , , , , , , , , , , , , , , , , , , , , , , , , , , , , , , , , , , , , , , , , , , , , , , , , , , , , , , , , , , , , , , , , , , , , , , , , , , , , , , , , , , , , , , , , , , , , , , , , , , , , , , , ,23.4829,124.739,7, , , , , , , , , , , , , , , , , , , , , , , , , , , ,6,12
1884215N13130,1884,23,WP,MM,NOT_NAMED,1884-08-05 21:00:00,NR,23.7636,124.809, , , ,main,304,301,__________P___, , , , , , , , ,-5, , , , , , , , , , , , , , , , , , , , , , , , , , , , , , , , , , , , , , , , , , , , , , , , , , , , , , , , , , , , , , , , , , , , , , , , , , , , , , , , , , , , , , , , , , , , , , , , , , , , , , , , , ,23.7636,124.809,7, , , , , , , , , , , , , , , , , , , , , , , , , , , ,6,14
1884215N13130,1884,23,WP,MM,NOT_NAMED,1884-08-06 00:00:00,NR,24.0437,124.889, , , ,main,309,305,__________P___, , , , , , , , ,-5, , , , , , , , , , , , , , , , , , , , , , , , , , , , , , , , , , , , , , , , , , , , , , , , , , , , , , , , , , , , , , , , , , , , , , , , , , , , , , , , , , , , , , , , , , , , , , , , , , , , , , , , , ,24.0437,124.889,7, , , , , , , , , , , , , , , , , , , , , , , , , , , ,6,15
1884215N13130,1884,23,WP,MM,NOT_NAMED,1884-08-06 03:00:00,NR,24.3138,124.973, , , ,main,312,310,__________P___, , , , , , , , ,-5, , , , , , , , , , , , , , , , , , , , , , , , , , , , , , , , , , , , , , , , , , , , , , , , , , , , , , , , , , , , , , , , , , , , , , , , , , , , , , , , , , , , , , , , , , , , , , , , , , , , , , , , , ,24.3138,124.973,7, , , , , , , , , , , , , , , , , , , , , , , , , , , ,6,16
1884215N13130,1884,23,WP,MM,NOT_NAMED,1884-08-06 04:00:00,NR,24.4000,125.000, , , ,main,310,305,__________O___, , , , , , , , ,-5, , , , , , , , , , , , , , , , , , , , , , , , , , , , , , , , , , , , , , , , , , , , , , , , , , , , , , , , , , , , , , , , , , , , , , , , , , , , , , , , , , , , , , , , , , , , , , , , , , , , , , , , , ,24.4000,125.000,7, , , , , , , , , , , , , , , , , , , , , , , , , , , ,5,15
1884215N13130,1884,23,WP,MM,NOT_NAMED,1884-08-06 06:00:00,NR,24.5640,125.053, , , ,main,315,313,__________P___, , , , , , , , ,-5, , , , , , , , , , , , , , , , , , , , , , , , , , , , , , , , , , , , , , , , , , , , , , , , , , , , , , , , , , , , , , , , , , , , , , , , , , , , , , , , , , , , , , , , , , , , , , , , , , , , , , , , , ,24.5640,125.053,7, , , , , , , , , , , , , , , , , , , , , , , , , , , ,5,17
1884215N13130,1884,23,WP,MM,NOT_NAMED,1884-08-06 09:00:00,NR,24.7975,125.132, , , ,main,313,313,__________P___, , , , , , , , ,-5, , , , , , , , , , , , , , , , , , , , , , , , , , , , , , , , , , , , , , , , , , , , , , , , , , , , , , , , , , , , , , , , , , , , , , , , , , , , , , , , , , , , , , , , , , , , , , , , , , , , , , , , , ,24.7975,125.132,7, , , , , , , , , , , , , , , , , , , , , , , , , , , ,5,17
1884215N13130,1884,23,WP,MM,NOT_NAMED,1884-08-06 12:00:00,NR,25.0188,125.208, , , ,main,322,322,__________P___, , , , , , , , ,-5, , , , , , , , , , , , , , , , , , , , , , , , , , , , , , , , , , , , , , , , , , , , , , , , , , , , , , , , , , , , , , , , , , , , , , , , , , , , , , , , , , , , , , , , , , , , , , , , , , , , , , , , , ,25.0188,125.208,7, , , , , , , , , , , , , , , , , , , , , , , , , , , ,5,17
1884215N13130,1884,23,WP,MM,NOT_NAMED,1884-08-06 15:00:00,NR,25.2308,125.278, , , ,main,332,332,__________P___, , , , , , , , ,-5, , , , , , , , , , , , , , , , , , , , , , , , , , , , , , , , , , , , , , , , , , , , , , , , , , , , , , , , , , , , , , , , , , , , , , , , , , , , , , , , , , , , , , , , , , , , , , , , , , , , , , , , , ,25.2308,125.278,7, , , , , , , , , , , , , , , , , , , , , , , , , , , ,4,17
1884215N13130,1884,23,WP,MM,NOT_NAMED,1884-08-06 16:00:00,NR,25.3000,125.300, , , ,main,333,333,__________O___, , , , , , , , ,-5, , , , , , , , , , , , , , , , , , , , , , , , , , , , , , , , , , , , , , , , , , , , , , , , , , , , , , , , , , , , , , , , , , , , , , , , , , , , , , , , , , , , , , , , , , , , , , , , , , , , , , , , , ,25.3000,125.300,7, , , , , , , , , , , , , , , , , , , , , , , , , , , ,4,16
1884215N13130,1884,23,WP,MM,NOT_NAMED,1884-08-06 18:00:00,NR,25.4390,125.334, , , ,main,334,336,__________P___, , , , , , , , ,-5, , , , , , , , , , , , , , , , , , , , , , , , , , , , , , , , , , , , , , , , , , , , , , , , , , , , , , , , , , , , , , , , , , , , , , , , , , , , , , , , , , , , , , , , , , , , , , , , , , , , , , , , , ,25.4390,125.334,7, , , , , , , , , , , , , , , , , , , , , , , , , , , ,4,11
1884215N13130,1884,23,WP,MM,NOT_NAMED,1884-08-06 21:00:00,NR,25.6412,125.378, , , ,main,348,350,__________P___, , , , , , , , ,-5, , , , , , , , , , , , , , , , , , , , , , , , , , , , , , , , , , , , , , , , , , , , , , , , , , , , , , , , , , , , , , , , , , , , , , , , , , , , , , , , , , , , , , , , , , , , , , , , , , , , , , , , , ,25.6412,125.378,7, , , , , , , , , , , , , , , , , , , , , , , , , , , ,4,11
1884215N13130,1884,23,WP,MM,NOT_NAMED,1884-08-07 00:00:00,NR,25.8387,125.423, , , ,main,352,352,__________P___, , , , , , , , ,-5, , , , , , , , , , , , , , , , , , , , , , , , , , , , , , , , , , , , , , , , , , , , , , , , , , , , , , , , , , , , , , , , , , , , , , , , , , , , , , , , , , , , , , , , , , , , , , , , , , , , , , , , , ,25.8387,125.423,7, , , , , , , , , , , , , , , , , , , , , , , , , , , ,4,13
1884215N13130,1884,23,WP,MM,NOT_NAMED,1884-08-07 03:00:00,NR,26.0345,125.478, , , ,main,368,368,__________P___, , , , , , , , ,-5, , , , , , , , , , , , , , , , , , , , , , , , , , , , , , , , , , , , , , , , , , , , , , , , , , , , , , , , , , , , , , , , , , , , , , , , , , , , , , , , , , , , , , , , , , , , , , , , , , , , , , , , , ,26.0345,125.478,7, , , , , , , , , , , , , , , , , , , , , , , , , , , ,4,16
1884215N13130,1884,23,WP,MM,NOT_NAMED,1884-08-07 04:00:00,NR,26.1000,125.500, , , ,main,371,371,__________O___, , , , , , , , ,-5, , , , , , , , , , , , , , , , , , , , , , , , , , , , , , , , , , , , , , , , , , , , , , , , , , , , , , , , , , , , , , , , , , , , , , , , , , , , , , , , , , , , , , , , , , , , , , , , , , , , , , , , , ,26.1000,125.500,7, , , , , , , , , , , , , , , , , , , , , , , , , , , ,4,18
1884215N13130,1884,23,WP,MM,NOT_NAMED,1884-08-07 06:00:00,NR,26.2333,125.555, , , ,main,384,384,__________P___, , , , , , , , ,-5, , , , , , , , , , , , , , , , , , , , , , , , , , , , , , , , , , , , , , , , , , , , , , , , , , , , , , , , , , , , , , , , , , , , , , , , , , , , , , , , , , , , , , , , , , , , , , , , , , , , , , , , , ,26.2333,125.555,7, , , , , , , , , , , , , , , , , , , , , , , , , , , ,4,22
1884215N13130,1884,23,WP,MM,NOT_NAMED,1884-08-07 09:00:00,NR,26.4334,125.651, , , ,main,402,402,__________P___, , , , , , , , ,-5, , , , , , , , , , , , , , , , , , , , , , , , , , , , , , , , , , , , , , , , , , , , , , , , , , , , , , , , , , , , , , , , , , , , , , , , , , , , , , , , , , , , , , , , , , , , , , , , , , , , , , , , , ,26.4334,125.651,7, , , , , , , , , , , , , , , , , , , , , , , , , , , ,4,24
1884215N13130,1884,23,WP,MM,NOT_NAMED,1884-08-07 12:00:00,NR,26.6334,125.756, , , ,main,420,420,__________P___, , , , , , , , ,-5, , , , , , , , , , , , , , , , , , , , , , , , , , , , , , , , , , , , , , , , , , , , , , , , , , , , , , , , , , , , , , , , , , , , , , , , , , , , , , , , , , , , , , , , , , , , , , , , , , , , , , , , , ,26.6334,125.756,7, , , , , , , , , , , , , , , , , , , , , , , , , , , ,4,25
1884215N13130,1884,23,WP,MM,NOT_NAMED,1884-08-07 15:00:00,NR,26.8333,125.864, , , ,main,438,438,__________P___, , , , , , , , ,-5, , , , , , , , , , , , , , , , , , , , , , , , , , , , , , , , , , , , , , , , , , , , , , , , , , , , , , , , , , , , , , , , , , , , , , , , , , , , , , , , , , , , , , , , , , , , , , , , , , , , , , , , , ,26.8333,125.864,7, , , , , , , , , , , , , , , , , , , , , , , , , , , ,4,26
1884215N13130,1884,23,WP,MM,NOT_NAMED,1884-08-07 16:00:00,NR,26.9000,125.900, , , ,main,443,443,__________O___, , , , , , , , ,-5, , , , , , , , , , , , , , , , , , , , , , , , , , , , , , , , , , , , , , , , , , , , , , , , , , , , , , , , , , , , , , , , , , , , , , , , , , , , , , , , , , , , , , , , , , , , , , , , , , , , , , , , , ,26.9000,125.900,7, , , , , , , , , , , , , , , , , , , , , , , , , , , ,4,24
1884215N13130,1884,23,WP,MM,NOT_NAMED,1884-08-07 18:00:00,NR,27.0307,125.964, , , ,main,456,449,__________P___, , , , , , , , ,-5, , , , , , , , , , , , , , , , , , , , , , , , , , , , , , , , , , , , , , , , , , , , , , , , , , , , , , , , , , , , , , , , , , , , , , , , , , , , , , , , , , , , , , , , , , , , , , , , , , , , , , , , , ,27.0307,125.964,7, , , , , , , , , , , , , , , , , , , , , , , , , , , ,4,23
1884215N13130,1884,23,WP,MM,NOT_NAMED,1884-08-07 21:00:00,NR,27.2267,126.060, , , ,main,459,448,__________P___, , , , , , , , ,-5, , , , , , , , , , , , , , , , , , , , , , , , , , , , , , , , , , , , , , , , , , , , , , , , , , , , , , , , , , , , , , , , , , , , , , , , , , , , , , , , , , , , , , , , , , , , , , , , , , , , , , , , , ,27.2267,126.060,7, , , , , , , , , , , , , , , , , , , , , , , , , , , ,4,24
1884215N13130,1884,23,WP,MM,NOT_NAMED,1884-08-08 00:00:00,NR,27.4254,126.159, , , ,main,457,447,__________P___, , , , , , , , ,-5, , , , , , , , , , , , , , , , , , , , , , , , , , , , , , , , , , , , , , , , , , , , , , , , , , , , , , , , , , , , , , , , , , , , , , , , , , , , , , , , , , , , , , , , , , , , , , , , , , , , , , , , , ,27.4254,126.159,7, , , , , , , , , , , , , , , , , , , , , , , , , , , ,4,24
1884215N13130,1884,23,WP,MM,NOT_NAMED,1884-08-08 03:00:00,NR,27.6300,126.263, , , ,main,456,452,__________P___, , , , , , , , ,-5, , , , , , , , , , , , , , , , , , , , , , , , , , , , , , , , , , , , , , , , , , , , , , , , , , , , , , , , , , , , , , , , , , , , , , , , , , , , , , , , , , , , , , , , , , , , , , , , , , , , , , , , , ,27.6300,126.263,7, , , , , , , , , , , , , , , , , , , , , , , , , , , ,5,24
1884215N13130,1884,23,WP,MM,NOT_NAMED,1884-08-08 04:00:00,NR,27.7000,126.300, , , ,main,452,447,__________O___, , , , , , , , ,-5, , , , , , , , , , , , , , , , , , , , , , , , , , , , , , , , , , , , , , , , , , , , , , , , , , , , , , , , , , , , , , , , , , , , , , , , , , , , , , , , , , , , , , , , , , , , , , , , , , , , , , , , , ,27.7000,126.300,7, , , , , , , , , , , , , , , , , , , , , , , , , , , ,5,24
1884215N13130,1884,23,WP,MM,NOT_NAMED,1884-08-08 06:00:00,NR,27.8442,126.370, , , ,main,456,449,__________P___, , , , , , , , ,-5, , , , , , , , , , , , , , , , , , , , , , , , , , , , , , , , , , , , , , , , , , , , , , , , , , , , , , , , , , , , , , , , , , , , , , , , , , , , , , , , , , , , , , , , , , , , , , , , , , , , , , , , , ,27.8442,126.370,7, , , , , , , , , , , , , , , , , , , , , , , , , , , ,5,23
1884215N13130,1884,23,WP,MM,NOT_NAMED,1884-08-08 09:00:00,NR,28.0669,126.481, , , ,main,455,452,__________P___, , , , , , , , ,-5, , , , , , , , , , , , , , , , , , , , , , , , , , , , , , , , , , , , , , , , , , , , , , , , , , , , , , , , , , , , , , , , , , , , , , , , , , , , , , , , , , , , , , , , , , , , , , , , , , , , , , , , , ,28.0669,126.481,7, , , , , , , , , , , , , , , , , , , , , , , , , , , ,5,24
1884215N13130,1884,23,WP,MM,NOT_NAMED,1884-08-08 12:00:00,NR,28.2944,126.605, , , ,main,458,452,__________P___, , , , , , , , ,-5, , , , , , , , , , , , , , , , , , , , , , , , , , , , , , , , , , , , , , , , , , , , , , , , , , , , , , , , , , , , , , , , , , , , , , , , , , , , , , , , , , , , , , , , , , , , , , , , , , , , , , , , , ,28.2944,126.605,7, , , , , , , , , , , , , , , , , , , , , , , , , , , ,5,27
1884215N13130,1884,23,WP,MM,NOT_NAMED,1884-08-08 15:00:00,NR,28.5237,126.747, , , ,main,452,437,__________P___, , , , , , , , ,-5, , , , , , , , , , , , , , , , , , , , , , , , , , , , , , , , , , , , , , , , , , , , , , , , , , , , , , , , , , , , , , , , , , , , , , , , , , , , , , , , , , , , , , , , , , , , , , , , , , , , , , , , , ,28.5237,126.747,7, , , , , , , , , , , , , , , , , , , , , , , , , , , ,5,30
1884215N13130,1884,23,WP,MM,NOT_NAMED,1884-08-08 16:00:00,NR,28.6000,126.800, , , ,main,437,415,__________O___, , , , , , , , ,-5, , , , , , , , , , , , , , , , , , , , , , , , , , , , , , , , , , , , , , , , , , , , , , , , , , , , , , , , , , , , , , , , , , , , , , , , , , , , , , , , , , , , , , , , , , , , , , , , , , , , , , , , , ,28.6000,126.800,7, , , , , , , , , , , , , , , , , , , , , , , , , , , ,5,33
1884215N13130,1884,23,WP,MM,NOT_NAMED,1884-08-08 18:00:00,NR,28.7518,126.914, , , ,main,415,385,__________P___, , , , , , , , ,-5, , , , , , , , , , , , , , , , , , , , , , , , , , , , , , , , , , , , , , , , , , , , , , , , , , , , , , , , , , , , , , , , , , , , , , , , , , , , , , , , , , , , , , , , , , , , , , , , , , , , , , , , , ,28.7518,126.914,7, , , , , , , , , , , , , , , , , , , , , , , , , , , ,6,35
1884215N13130,1884,23,WP,MM,NOT_NAMED,1884-08-08 21:00:00,NR,28.9779,127.104, , , ,main,385,356,__________P___, , , , , , , , ,-5, , , , , , , , , , , , , , , , , , , , , , , , , , , , , , , , , , , , , , , , , , , , , , , , , , , , , , , , , , , , , , , , , , , , , , , , , , , , , , , , , , , , , , , , , , , , , , , , , , , , , , , , , ,28.9779,127.104,7, , , , , , , , , , , , , , , , , , , , , , , , , , , ,6,38
1884215N13130,1884,23,WP,MM,NOT_NAMED,1884-08-09 00:00:00,NR,29.2023,127.311, , , ,main,356,327,__________P___, , , , , , , , ,-5, , , , , , , , , , , , , , , , , , , , , , , , , , , , , , , , , , , , , , , , , , , , , , , , , , , , , , , , , , , , , , , , , , , , , , , , , , , , , , , , , , , , , , , , , , , , , , , , , , , , , , , , , ,29.2023,127.311,7, , , , , , , , , , , , , , , , , , , , , , , , , , , ,6,39
1884215N13130,1884,23,WP,MM,NOT_NAMED,1884-08-09 03:00:00,NR,29.4257,127.527, , , ,main,327,313,__________P___, , , , , , , , ,-5, , , , , , , , , , , , , , , , , , , , , , , , , , , , , , , , , , , , , , , , , , , , , , , , , , , , , , , , , , , , , , , , , , , , , , , , , , , , , , , , , , , , , , , , , , , , , , , , , , , , , , , , , ,29.4257,127.527,7, , , , , , , , , , , , , , , , , , , , , , , , , , , ,6,41
1884215N13130,1884,23,WP,MM,NOT_NAMED,1884-08-09 04:00:00,NR,29.5000,127.600, , , ,main,313, ,__________O___, , , , , , , , ,-5, , , , , , , , , , , , , , , , , , , , , , , , , , , , , , , , , , , , , , , , , , , , , , , , , , , , , , , , , , , , , , , , , , , , , , , , , , , , , , , , , , , , , , , , , , , , , , , , , , , , , , , , , ,29.5000,127.600,7, , , , , , , , , , , , , , , , , , , , , , , , , , , ,6,45
1884231N11128,1884,25,WP,MM,NOT_NAMED,1884-08-17 16:00:00,NR,10.7000,128.400, , , ,main,286,240,__________O___, , , , , , , , ,-5, , , , , , , , , , , , , , , , , , , , , , , , , , , , , , , , , , , , , , , , , , , , , , , , , , , , , , , , , , , , , , , , , , , , , , , , , , , , , , , , , , , , , , , , , , , , , , , , , , , , , , , , , ,10.7000,128.400,4, , , , , , , , , , , , , , , , , , , , , , , , , , , ,15,312
1884231N11128,1884,25,WP,MM,NOT_NAMED,1884-08-17 18:00:00,NR,11.0241,128.028, , , ,main,240,190,__________P___, , , , , , , , ,-5, , , , , , , , , , , , , , , , , , , , , , , , , , , , , , , , , , , , , , , , , , , , , , , , , , , , , , , , , , , , , , , , , , , , , , , , , , , , , , , , , , , , , , , , , , , , , , , , , , , , , , , , , ,11.0241,128.028,4, , , , , , , , , , , , , , , , , , , , , , , , , , , ,14,311
1884231N11128,1884,25,WP,MM,NOT_NAMED,1884-08-17 21:00:00,NR,11.4946,127.484, , , ,main,193,162,__________P___, , , , , , , , ,-5, , , , , , , , , , , , , , , , , , , , , , , , , , , , , , , , , , , , , , , , , , , , , , , , , , , , , , , , , , , , , , , , , , , , , , , , , , , , , , , , , , , , , , , , , , , , , , , , , , , , , , , , , ,11.4946,127.484,4, , , , , , , , , , , , , , , , , , , , , , , , , , , ,14,311
1884231N11128,1884,25,WP,MM,NOT_NAMED,1884-08-18 00:00:00,NR,11.9257,126.977, , , ,main,162,109,__________P___, , , , , , , , ,-5, , , , , , , , , , , , , , , , , , , , , , , , , , , , , , , , , , , , , , , , , , , , , , , , , , , , , , , , , , , , , , , , , , , , , , , , , , , , , , , , , , , , , , , , , , , , , , , , , , , , , , , , , ,11.9257,126.977,4, , , , , , , , , , , , , , , , , , , , , , , , , , , ,12,311
1884231N11128,1884,25,WP,MM,NOT_NAMED,1884-08-18 03:00:00,NR,12.2947,126.531, , , ,main,109,100,__________P___, , , , , , , , ,-5, , , , , , , , , , , , , , , , , , , , , , , , , , , , , , , , , , , , , , , , , , , , , , , , , , , , , , , , , , , , , , , , , , , , , , , , , , , , , , , , , , , , , , , , , , , , , , , , , , , , , , , , , ,12.2947,126.531,4, , , , , , , , , , , , , , , , , , , , , , , , , , , ,11,310
1884231N11128,1884,25,WP,MM,NOT_NAMED,1884-08-18 04:00:00,NR,12.4000,126.400, , , ,main,100,83,__________O___, , , , , , , , ,-5, , , , , , , , , , , , , , , , , , , , , , , , , , , , , , , , , , , , , , , , , , , , , , , , , , , , , , , , , , , , , , , , , , , , , , , , , , , , , , , , , , , , , , , , , , , , , , , , , , , , , , , , , ,12.4000,126.400,4, , , , , , , , , , , , , , , , , , , , , , , , , , , ,9,309
1884231N11128,1884,25,WP,MM,NOT_NAMED,1884-08-18 06:00:00,NR,12.5817,126.167, , , ,main,88,78,__________P___, , , , , , , , ,-5, , , , , , , , , , , , , , , , , , , , , , , , , , , , , , , , , , , , , , , , , , , , , , , , , , , , , , , , , , , , , , , , , , , , , , , , , , , , , , , , , , , , , , , , , , , , , , , , , , , , , , , , , ,12.5817,126.167,4, , , , , , , , , , , , , , , , , , , , , , , , , , , ,8,308
1884231N11128,1884,25,WP,MM,NOT_NAMED,1884-08-18 09:00:00,NR,12.7977,125.875, , , ,main,79,70,__________P___, , , , , , , , ,-5, , , , , , , , , , , , , , , , , , , , , , , , , , , , , , , , , , , , , , , , , , , , , , , , , , , , , , , , , , , , , , , , , , , , , , , , , , , , , , , , , , , , , , , , , , , , , , , , , , , , , , , , , ,12.7977,125.875,4, , , , , , , , , , , , , , , , , , , , , , , , , , , ,7,307
1884231N11128,1884,25,WP,MM,NOT_NAMED,1884-08-18 12:00:00,NR,12.9737,125.625, , , ,main,70,64,__________P___, , , , , , , , ,-5, , , , , , , , , , , , , , , , , , , , , , , , , , , , , , , , , , , , , , , , , , , , , , , , , , , , , , , , , , , , , , , , , , , , , , , , , , , , , , , , , , , , , , , , , , , , , , , , , , , , , , , , , ,12.9737,125.625,4, , , , , , , , , , , , , , , , , , , , , , , , , , , ,6,306
1884231N11128,1884,25,WP,MM,NOT_NAMED,1884-08-18 15:00:00,NR,13.1409,125.384, , , ,main,70,79,__________P___, , , , , , , , ,-5, , , , , , , , , , , , , , , , , , , , , , , , , , , , , , , , , , , , , , , , , , , , , , , , , , , , , , , , , , , , , , , , , , , , , , , , , , , , , , , , , , , , , , , , , , , , , , , , , , , , , , , , , ,13.1409,125.384,4, , , , , , , , , , , , , , , , , , , , , , , , , , , ,6,306
1884231N11128,1884,25,WP,MM,NOT_NAMED,1884-08-18 16:00:00,NR,13.2000,125.300, , , ,main,79,78,__________O___, , , , , , , , ,-5, , , , , , , , , , , , , , , , , , , , , , , , , , , , , , , , , , , , , , , , , , , , , , , , , , , , , , , , , , , , , , , , , , , , , , , , , , , , , , , , , , , , , , , , , , , , , , , , , , , , , , , , , ,13.2000,125.300,4, , , , , , , , , , , , , , , , , , , , , , , , , , , ,7,309
1884231N11128,1884,25,WP,MM,NOT_NAMED,1884-08-18 18:00:00,NR,13.3521,125.111, , , ,main,82,44,__________P___, , , , , , , , ,-5, , , , , , , , , , , , , , , , , , , , , , , , , , , , , , , , , , , , , , , , , , , , , , , , , , , , , , , , , , , , , , , , , , , , , , , , , , , , , , , , , , , , , , , , , , , , , , , , , , , , , , , , , ,13.3521,125.111,4, , , , , , , , , , , , , , , , , , , , , , , , , , , ,7,310
1884231N11128,1884,25,WP,MM,NOT_NAMED,1884-08-18 21:00:00,NR,13.5867,124.821, , , ,main,44,10,__________P___, , , , , , , , ,-5, , , , , , , , , , , , , , , , , , , , , , , , , , , , , , , , , , , , , , , , , , , , , , , , , , , , , , , , , , , , , , , , , , , , , , , , , , , , , , , , , , , , , , , , , , , , , , , , , , , , , , , , , ,13.5867,124.821,4, , , , , , , , , , , , , , , , , , , , , , , , , , , ,7,309
1884231N11128,1884,25,WP,MM,NOT_NAMED,1884-08-19 00:00:00,NR,13.8181,124.521, , , ,main,10,0,__________P___, , , , , , , , ,-5, , , , , , , , , , , , , , , , , , , , , , , , , , , , , , , , , , , , , , , , , , , , , , , , , , , , , , , , , , , , , , , , , , , , , , , , , , , , , , , , , , , , , , , , , , , , , , , , , , , , , , , , , ,13.8181,124.521,4, , , , , , , , , , , , , , , , , , , , , , , , , , , ,7,307
1884231N11128,1884,25,WP,MM,NOT_NAMED,1884-08-19 03:00:00,NR,14.0338,124.208, , , ,main,0,0,__________P___, , , , , , , , ,-5, , , , , , , , , , , , , , , , , , , , , , , , , , , , , , , , , , , , , , , , , , , , , , , , , , , , , , , , , , , , , , , , , , , , , , , , , , , , , , , , , , , , , , , , , , , , , , , , , , , , , , , , , ,14.0338,124.208,4, , , , , , , , , , , , , , , , , , , , , , , , , , , ,7,305
1884231N11128,1884,25,WP,MM,NOT_NAMED,1884-08-19 04:00:00,NR,14.1000,124.100, , , ,main,11,11,__________O___, , , , , , , , ,-5, , , , , , , , , , , , , , , , , , , , , , , , , , , , , , , , , , , , , , , , , , , , , , , , , , , , , , , , , , , , , , , , , , , , , , , , , , , , , , , , , , , , , , , , , , , , , , , , , , , , , , , , , ,14.1000,124.100,4, , , , , , , , , , , , , , , , , , , , , , , , , , , ,7,298
1884231N11128,1884,25,WP,MM,NOT_NAMED,1884-08-19 06:00:00,NR,14.2092,123.875, , , ,main,31,31,__________P___, , , , , , , , ,-5, , , , , , , , , , , , , , , , , , , , , , , , , , , , , , , , , , , , , , , , , , , , , , , , , , , , , , , , , , , , , , , , , , , , , , , , , , , , , , , , , , , , , , , , , , , , , , , , , , , , , , , , , ,14.2092,123.875,4, , , , , , , , , , , , , , , , , , , , , , , , , , , ,7,295
1884231N11128,1884,25,WP,MM,NOT_NAMED,1884-08-19 09:00:00,NR,14.3540,123.526, , , ,main,49,44,__________P___, , , , , , , , ,-5, , , , , , , , , , , , , , , , , , , , , , , , , , , , , , , , , , , , , , , , , , , , , , , , , , , , , , , , , , , , , , , , , , , , , , , , , , , , , , , , , , , , , , , , , , , , , , , , , , , , , , , , , ,14.3540,123.526,4, , , , , , , , , , , , , , , , , , , , , , , , , , , ,7,293
1884231N11128,1884,25,WP,MM,NOT_NAMED,1884-08-19 12:00:00,NR,14.4926,123.169, , , ,main,46,35,__________P___, , , , , , , , ,-5, , , , , , , , , , , , , , , , , , , , , , , , , , , , , , , , , , , , , , , , , , , , , , , , , , , , , , , , , , , , , , , , , , , , , , , , , , , , , , , , , , , , , , , , , , , , , , , , , , , , , , , , , ,14.4926,123.169,4, , , , , , , , , , , , , , , , , , , , , , , , , , , ,7,293
1884231N11128,1884,25,WP,MM,NOT_NAMED,1884-08-19 15:00:00,NR,14.6436,122.816, , , ,main,44,55,__________P___, , , , , , , , ,-5, , , , , , , , , , , , , , , , , , , , , , , , , , , , , , , , , , , , , , , , , , , , , , , , , , , , , , , , , , , , , , , , , , , , , , , , , , , , , , , , , , , , , , , , , , , , , , , , , , , , , , , , , ,14.6436,122.816,4, , , , , , , , , , , , , , , , , , , , , , , , , , , ,8,295
1884231N11128,1884,25,WP,MM,NOT_NAMED,1884-08-19 16:00:00,NR,14.7000,122.700, , , ,main,55,55,__________O___, , , , , , , , ,-5, , , , , , , , , , , , , , , , , , , , , , , , , , , , , , , , , , , , , , , , , , , , , , , , , , , , , , , , , , , , , , , , , , , , , , , , , , , , , , , , , , , , , , , , , , , , , , , , , , , , , , , , , ,14.7000,122.700,4, , , , , , , , , , , , , , , , , , , , , , , , , , , ,7,298
1884231N11128,1884,25,WP,MM,NOT_NAMED,1884-08-19 18:00:00,NR,14.8089,122.495, , , ,main,67,63,__________P___, , , , , , , , ,-5, , , , , , , , , , , , , , , , , , , , , , , , , , , , , , , , , , , , , , , , , , , , , , , , , , , , , , , , , , , , , , , , , , , , , , , , , , , , , , , , , , , , , , , , , , , , , , , , , , , , , , , , , ,14.8089,122.495,4, , , , , , , , , , , , , , , , , , , , , , , , , , , ,7,301
1884231N11128,1884,25,WP,MM,NOT_NAMED,1884-08-19 21:00:00,NR,14.9909,122.195, , , ,main,63,48,__________P___, , , , , , , , ,-5, , , , , , , , , , , , , , , , , , , , , , , , , , , , , , , , , , , , , , , , , , , , , , , , , , , , , , , , , , , , , , , , , , , , , , , , , , , , , , , , , , , , , , , , , , , , , , , , , , , , , , , , , ,14.9909,122.195,4, , , , , , , , , , , , , , , , , , , , , , , , , , , ,7,304
1884231N11128,1884,25,WP,MM,NOT_NAMED,1884-08-20 00:00:00,NR,15.2119,121.882, , , ,main,48,0,__________P___, , , , , , , , ,-5, , , , , , , , , , , , , , , , , , , , , , , , , , , , , , , , , , , , , , , , , , , , , , , , , , , , , , , , , , , , , , , , , , , , , , , , , , , , , , , , , , , , , , , , , , , , , , , , , , , , , , , , , ,15.2119,121.882,4, , , , , , , , , , , , , , , , , , , , , , , , , , , ,8,308
1884231N11128,1884,25,WP,MM,NOT_NAMED,1884-08-20 03:00:00,NR,15.4909,121.530, , , ,main,0,0,__________P___, , , , , , , , ,-5, , , , , , , , , , , , , , , , , , , , , , , , , , , , , , , , , , , , , , , , , , , , , , , , , , , , , , , , , , , , , , , , , , , , , , , , , , , , , , , , , , , , , , , , , , , , , , , , , , , , , , , , , ,15.4909,121.530,4, , , , , , , , , , , , , , , , , , , , , , , , , , , ,9,310
1884231N11128,1884,25,WP,MM,NOT_NAMED,1884-08-20 04:00:00,NR,15.6000,121.400, , , ,main,0,0,__________O___, , , , , , , , ,-5, , , , , , , , , , , , , , , , , , , , , , , , , , , , , , , , , , , , , , , , , , , , , , , , , , , , , , , , , , , , , , , , , , , , , , , , , , , , , , , , , , , , , , , , , , , , , , , , , , , , , , , , , ,15.6000,121.400,4, , , , , , , , , , , , , , , , , , , , , , , , , , , ,11,309
1884231N11128,1884,25,WP,MM,NOT_NAMED,1884-08-20 06:00:00,NR,15.8307,121.089, , , ,main,0,0,__________P___, , , , , , , , ,-5, , , , , , , , , , , , , , , , , , , , , , , , , , , , , , , , , , , , , , , , , , , , , , , , , , , , , , , , , , , , , , , , , , , , , , , , , , , , , , , , , , , , , , , , , , , , , , , , , , , , , , , , , ,15.8307,121.089,4, , , , , , , , , , , , , , , , , , , , , , , , , , , ,12,309
1884231N11128,1884,25,WP,MM,NOT_NAMED,1884-08-20 09:00:00,NR,16.2329,120.577, , , ,main,0,0,__________P___, , , , , , , , ,-5, , , , , , , , , , , , , , , , , , , , , , , , , , , , , , , , , , , , , , , , , , , , , , , , , , , , , , , , , , , , , , , , , , , , , , , , , , , , , , , , , , , , , , , , , , , , , , , , , , , , , , , , , ,16.2329,120.577,4, , , , , , , , , , , , , , , , , , , , , , , , , , , ,13,311
1884231N11128,1884,25,WP,MM,NOT_NAMED,1884-08-20 12:00:00,NR,16.6967,120.050, , , ,main,33,33,__________P___, , , , , , , , ,-5, , , , , , , , , , , , , , , , , , , , , , , , , , , , , , , , , , , , , , , , , , , , , , , , , , , , , , , , , , , , , , , , , , , , , , , , , , , , , , , , , , , , , , , , , , , , , , , , , , , , , , , , , ,16.6967,120.050,4, , , , , , , , , , , , , , , , , , , , , , , , , , , ,14,315
1884231N11128,1884,25,WP,MM,NOT_NAMED,1884-08-20 15:00:00,NR,17.2157,119.552, , , ,main,84,91,__________P___, , , , , , , , ,-5, , , , , , , , , , , , , , , , , , , , , , , , , , , , , , , , , , , , , , , , , , , , , , , , , , , , , , , , , , , , , , , , , , , , , , , , , , , , , , , , , , , , , , , , , , , , , , , , , , , , , , , , , ,17.2157,119.552,4, , , , , , , , , , , , , , , , , , , , , , , , , , , ,14,319
1884231N11128,1884,25,WP,MM,NOT_NAMED,1884-08-20 16:00:00,NR,17.4000,119.400, , , ,main,98,96,__________O___, , , , , , , , ,-5, , , , , , , , , , , , , , , , , , , , , , , , , , , , , , , , , , , , , , , , , , , , , , , , , , , , , , , , , , , , , , , , , , , , , , , , , , , , , , , , , , , , , , , , , , , , , , , , , , , , , , , , , ,17.4000,119.400,4, , , , , , , , , , , , , , , , , , , , , , , , , , , ,14,324
1884231N11128,1884,25,WP,MM,NOT_NAMED,1884-08-20 18:00:00,NR,17.7764,119.130, , , ,main,129,129,__________P___, , , , , , , , ,-5, , , , , , , , , , , , , , , , , , , , , , , , , , , , , , , , , , , , , , , , , , , , , , , , , , , , , , , , , , , , , , , , , , , , , , , , , , , , , , , , , , , , , , , , , , , , , , , , , , , , , , , , , ,17.7764,119.130,4, , , , , , , , , , , , , , , , , , , , , , , , , , , ,14,329
1884231N11128,1884,25,WP,MM,NOT_NAMED,1884-08-20 21:00:00,NR,18.3854,118.769, , , ,main,182,182,__________P___, , , , , , , , ,-5, , , , , , , , , , , , , , , , , , , , , , , , , , , , , , , , , , , , , , , , , , , , , , , , , , , , , , , , , , , , , , , , , , , , , , , , , , , , , , , , , , , , , , , , , , , , , , , , , , , , , , , , , ,18.3854,118.769,4, , , , , , , , , , , , , , , , , , , , , , , , , , , ,14,333
1884231N11128,1884,25,WP,MM,NOT_NAMED,1884-08-21 00:00:00,NR,19.0283,118.456, , , ,main,231,244,__________P___, , , , , , , , ,-5, , , , , , , , , , , , , , , , , , , , , , , , , , , , , , , , , , , , , , , , , , , , , , , , , , , , , , , , , , , , , , , , , , , , , , , , , , , , , , , , , , , , , , , , , , , , , , , , , , , , , , , , , ,19.0283,118.456,4, , , , , , , , , , , , , , , , , , , , , , , , , , , ,14,337
1884231N11128,1884,25,WP,MM,NOT_NAMED,1884-08-21 03:00:00,NR,19.6830,118.183, , , ,main,291,291,__________P___, , , , , , , , ,-5, , , , , , , , , , , , , , , , , , , , , , , , , , , , , , , , , , , , , , , , , , , , , , , , , , , , , , , , , , , , , , , , , , , , , , , , , , , , , , , , , , , , , , , , , , , , , , , , , , , , , , , , , ,19.6830,118.183,4, , , , , , , , , , , , , , , , , , , , , , , , , , , ,14,339
1884231N11128,1884,25,WP,MM,NOT_NAMED,1884-08-21 04:00:00,NR,19.9000,118.100, , , ,main,311,311,__________O___, , , , , , , , ,-5, , , , , , , , , , , , , , , , , , , , , , , , , , , , , , , , , , , , , , , , , , , , , , , , , , , , , , , , , , , , , , , , , , , , , , , , , , , , , , , , , , , , , , , , , , , , , , , , , , , , , , , , , ,19.9000,118.100,4, , , , , , , , , , , , , , , , , , , , , , , , , , , ,13,340
1884231N11128,1884,25,WP,MM,NOT_NAMED,1884-08-21 06:00:00,NR,20.3033,117.937, , , ,main,324,255,__________P___, , , , , , , , ,-5, , , , , , , , , , , , , , , , , , , , , , , , , , , , , , , , , , , , , , , , , , , , , , , , , , , , , , , , , , , , , , , , , , , , , , , , , , , , , , , , , , , , , , , , , , , , , , , , , , , , , , , , , ,20.3033,117.937,4, , , , , , , , , , , , , , , , , , , , , , , , , , , ,13,341
1884231N11128,1884,25,WP,MM,NOT_NAMED,1884-08-21 09:00:00,NR,20.9082,117.725, , , ,main,255,187,__________P___, , , , , , , , ,-5, , , , , , , , , , , , , , , , , , , , , , , , , , , , , , , , , , , , , , , , , , , , , , , , , , , , , , , , , , , , , , , , , , , , , , , , , , , , , , , , , , , , , , , , , , , , , , , , , , , , , , , , , ,20.9082,117.725,4, , , , , , , , , , , , , , , , , , , , , , , , , , , ,13,343
1884231N11128,1884,25,WP,MM,NOT_NAMED,1884-08-21 12:00:00,NR,21.5269,117.538, , , ,main,187,121,__________P___, , , , , , , , ,-5, , , , , , , , , , , , , , , , , , , , , , , , , , , , , , , , , , , , , , , , , , , , , , , , , , , , , , , , , , , , , , , , , , , , , , , , , , , , , , , , , , , , , , , , , , , , , , , , , , , , , , , , , ,21.5269,117.538,4, , , , , , , , , , , , , , , , , , , , , , , , , , , ,13,345
1884231N11128,1884,25,WP,MM,NOT_NAMED,1884-08-21 15:00:00,NR,22.1748,117.360, , , ,main,121,99,__________P___, , , , , , , , ,-5, , , , , , , , , , , , , , , , , , , , , , , , , , , , , , , , , , , , , , , , , , , , , , , , , , , , , , , , , , , , , , , , , , , , , , , , , , , , , , , , , , , , , , , , , , , , , , , , , , , , , , , , , ,22.1748,117.360,4, , , , , , , , , , , , , , , , , , , , , , , , , , , ,14,346
1884231N11128,1884,25,WP,MM,NOT_NAMED,1884-08-21 16:00:00,NR,22.4000,117.300, , , ,main,99,60,__________O___, , , , , , , , ,-5, , , , , , , , , , , , , , , , , , , , , , , , , , , , , , , , , , , , , , , , , , , , , , , , , , , , , , , , , , , , , , , , , , , , , , , , , , , , , , , , , , , , , , , , , , , , , , , , , , , , , , , , , ,22.4000,117.300,4, , , , , , , , , , , , , , , , , , , , , , , , , , , ,14,346
1884231N11128,1884,25,WP,MM,NOT_NAMED,1884-08-21 18:00:00,NR,22.8662,117.176, , , ,main,60,10,__________P___, , , , , , , , ,-5, , , , , , , , , , , , , , , , , , , , , , , , , , , , , , , , , , , , , , , , , , , , , , , , , , , , , , , , , , , , , , , , , , , , , , , , , , , , , , , , , , , , , , , , , , , , , , , , , , , , , , , , , ,22.8662,117.176,4, , , , , , , , , , , , , , , , , , , , , , , , , , , ,15,346
1884231N11128,1884,25,WP,MM,NOT_NAMED,1884-08-21 21:00:00,NR,23.5990,116.982, , , ,main,10,0,__________P___, , , , , , , , ,-5, , , , , , , , , , , , , , , , , , , , , , , , , , , , , , , , , , , , , , , , , , , , , , , , , , , , , , , , , , , , , , , , , , , , , , , , , , , , , , , , , , , , , , , , , , , , , , , , , , , , , , , , , ,23.5990,116.982,4, , , , , , , , , , , , , , , , , , , , , , , , , , , ,15,346
1884231N11128,1884,25,WP,MM,NOT_NAMED,1884-08-22 00:00:00,NR,24.3609,116.779, , , ,main,0,0,__________P___, , , , , , , , ,-5, , , , , , , , , , , , , , , , , , , , , , , , , , , , , , , , , , , , , , , , , , , , , , , , , , , , , , , , , , , , , , , , , , , , , , , , , , , , , , , , , , , , , , , , , , , , , , , , , , , , , , , , , ,24.3609,116.779,4, , , , , , , , , , , , , , , , , , , , , , , , , , , ,16,346
1884231N11128,1884,25,WP,MM,NOT_NAMED,1884-08-22 03:00:00,NR,25.1392,116.571, , , ,main,0,0,__________P___, , , , , , , , ,-5, , , , , , , , , , , , , , , , , , , , , , , , , , , , , , , , , , , , , , , , , , , , , , , , , , , , , , , , , , , , , , , , , , , , , , , , , , , , , , , , , , , , , , , , , , , , , , , , , , , , , , , , , ,25.1392,116.571,4, , , , , , , , , , , , , , , , , , , , , , , , , , , ,16,346
1884231N11128,1884,25,WP,MM,NOT_NAMED,1884-08-22 04:00:00,NR,25.4000,116.500, , , ,main,0, ,__________O___, , , , , , , , ,-5, , , , , , , , , , , , , , , , , , , , , , , , , , , , , , , , , , , , , , , , , , , , , , , , , , , , , , , , , , , , , , , , , , , , , , , , , , , , , , , , , , , , , , , , , , , , , , , , , , , , , , , , , ,25.4000,116.500,4, , , , , , , , , , , , , , , , , , , , , , , , , , , ,16,346
1884236N13127,1884,26,WP,MM,NOT_NAMED,1884-08-22 16:00:00,NR,13.4000,127.400, , , ,main,246,243,__________O___, , , , , , , , ,-5, , , , , , , , , , , , , , , , , , , , , , , , , , , , , , , , , , , , , , , , , , , , , , , , , , , , , , , , , , , , , , , , , , , , , , , , , , , , , , , , , , , , , , , , , , , , , , , , , , , , , , , , , ,13.4000,127.400,7, , , , , , , , , , , , , , , , , , , , , , , , , , , ,5,317
1884236N13127,1884,26,WP,MM,NOT_NAMED,1884-08-22 18:00:00,NR,13.5157,127.290, , , ,main,243,241,__________P___, , , , , , , , ,-5, , , , , , , , , , , , , , , , , , , , , , , , , , , , , , , , , , , , , , , , , , , , , , , , , , , , , , , , , , , , , , , , , , , , , , , , , , , , , , , , , , , , , , , , , , , , , , , , , , , , , , , , , ,13.5157,127.290,7, , , , , , , , , , , , , , , , , , , , , , , , , , , ,5,319
1884236N13127,1884,26,WP,MM,NOT_NAMED,1884-08-22 21:00:00,NR,13.7208,127.116, , , ,main,241,241,__________P___, , , , , , , , ,-5, , , , , , , , , , , , , , , , , , , , , , , , , , , , , , , , , , , , , , , , , , , , , , , , , , , , , , , , , , , , , , , , , , , , , , , , , , , , , , , , , , , , , , , , , , , , , , , , , , , , , , , , , ,13.7208,127.116,7, , , , , , , , , , , , , , , , , , , , , , , , , , , ,6,324
1884236N13127,1884,26,WP,MM,NOT_NAMED,1884-08-23 00:00:00,NR,14.0072,126.920, , , ,main,249,249,__________P___, , , , , , , , ,-5, , , , , , , , , , , , , , , , , , , , , , , , , , , , , , , , , , , , , , , , , , , , , , , , , , , , , , , , , , , , , , , , , , , , , , , , , , , , , , , , , , , , , , , , , , , , , , , , , , , , , , , , , ,14.0072,126.920,7, , , , , , , , , , , , , , , , , , , , , , , , , , , ,8,329
1884236N13127,1884,26,WP,MM,NOT_NAMED,1884-08-23 03:00:00,NR,14.4238,126.688, , , ,main,254,246,__________P___, , , , , , , , ,-5, , , , , , , , , , , , , , , , , , , , , , , , , , , , , , , , , , , , , , , , , , , , , , , , , , , , , , , , , , , , , , , , , , , , , , , , , , , , , , , , , , , , , , , , , , , , , , , , , , , , , , , , , ,14.4238,126.688,7, , , , , , , , , , , , , , , , , , , , , , , , , , , ,10,333
1884236N13127,1884,26,WP,MM,NOT_NAMED,1884-08-23 04:00:00,NR,14.6000,126.600, , , ,main,249,242,__________O___, , , , , , , , ,-5, , , , , , , , , , , , , , , , , , , , , , , , , , , , , , , , , , , , , , , , , , , , , , , , , , , , , , , , , , , , , , , , , , , , , , , , , , , , , , , , , , , , , , , , , , , , , , , , , , , , , , , , , ,14.6000,126.600,7, , , , , , , , , , , , , , , , , , , , , , , , , , , ,13,335
1884236N13127,1884,26,WP,MM,NOT_NAMED,1884-08-23 06:00:00,NR,15.0137,126.408, , , ,main,248,251,__________P___, , , , , , , , ,-5, , , , , , , , , , , , , , , , , , , , , , , , , , , , , , , , , , , , , , , , , , , , , , , , , , , , , , , , , , , , , , , , , , , , , , , , , , , , , , , , , , , , , , , , , , , , , , , , , , , , , , , , , ,15.0137,126.408,7, , , , , , , , , , , , , , , , , , , , , , , , , , , ,15,337
1884236N13127,1884,26,WP,MM,NOT_NAMED,1884-08-23 09:00:00,NR,15.7541,126.094, , , ,main,279,279,__________P___, , , , , , , , ,-5, , , , , , , , , , , , , , , , , , , , , , , , , , , , , , , , , , , , , , , , , , , , , , , , , , , , , , , , , , , , , , , , , , , , , , , , , , , , , , , , , , , , , , , , , , , , , , , , , , , , , , , , , ,15.7541,126.094,7, , , , , , , , , , , , , , , , , , , , , , , , , , , ,17,339
1884236N13127,1884,26,WP,MM,NOT_NAMED,1884-08-23 12:00:00,NR,16.5799,125.776, , , ,main,332,319,__________P___, , , , , , , , ,-5, , , , , , , , , , , , , , , , , , , , , , , , , , , , , , , , , , , , , , , , , , , , , , , , , , , , , , , , , , , , , , , , , , , , , , , , , , , , , , , , , , , , , , , , , , , , , , , , , , , , , , , , , ,16.5799,125.776,7, , , , , , , , , , , , , , , , , , , , , , , , , , , ,18,341
1884236N13127,1884,26,WP,MM,NOT_NAMED,1884-08-23 15:00:00,NR,17.4252,125.485, , , ,main,321,315,__________P___, , , , , , , , ,-5, , , , , , , , , , , , , , , , , , , , , , , , , , , , , , , , , , , , , , , , , , , , , , , , , , , , , , , , , , , , , , , , , , , , , , , , , , , , , , , , , , , , , , , , , , , , , , , , , , , , , , , , , ,17.4252,125.485,7, , , , , , , , , , , , , , , , , , , , , , , , , , , ,18,342
1884236N13127,1884,26,WP,MM,NOT_NAMED,1884-08-23 16:00:00,NR,17.7000,125.400, , , ,main,317,306,__________O___, , , , , , , , ,-5, , , , , , , , , , , , , , , , , , , , , , , , , , , , , , , , , , , , , , , , , , , , , , , , , , , , , , , , , , , , , , , , , , , , , , , , , , , , , , , , , , , , , , , , , , , , , , , , , , , , , , , , , ,17.7000,125.400,7, , , , , , , , , , , , , , , , , , , , , , , , , , , ,16,343
1884236N13127,1884,26,WP,MM,NOT_NAMED,1884-08-23 18:00:00,NR,18.1711,125.239, , , ,main,306,288,__________P___, , , , , , , , ,-5, , , , , , , , , , , , , , , , , , , , , , , , , , , , , , , , , , , , , , , , , , , , , , , , , , , , , , , , , , , , , , , , , , , , , , , , , , , , , , , , , , , , , , , , , , , , , , , , , , , , , , , , , ,18.1711,125.239,7, , , , , , , , , , , , , , , , , , , , , , , , , , , ,15,344
1884236N13127,1884,26,WP,MM,NOT_NAMED,1884-08-23 21:00:00,NR,18.8646,125.036, , , ,main,289,289,__________P___, , , , , , , , ,-5, , , , , , , , , , , , , , , , , , , , , , , , , , , , , , , , , , , , , , , , , , , , , , , , , , , , , , , , , , , , , , , , , , , , , , , , , , , , , , , , , , , , , , , , , , , , , , , , , , , , , , , , , ,18.8646,125.036,7, , , , , , , , , , , , , , , , , , , , , , , , , , , ,14,347
1884236N13127,1884,26,WP,MM,NOT_NAMED,1884-08-24 00:00:00,NR,19.5730,124.889, , , ,main,304,304,__________P___, , , , , , , , ,-5, , , , , , , , , , , , , , , , , , , , , , , , , , , , , , , , , , , , , , , , , , , , , , , , , , , , , , , , , , , , , , , , , , , , , , , , , , , , , , , , , , , , , , , , , , , , , , , , , , , , , , , , , ,19.5730,124.889,7, , , , , , , , , , , , , , , , , , , , , , , , , , , ,15,352
1884236N13127,1884,26,WP,MM,NOT_NAMED,1884-08-24 03:00:00,NR,20.3306,124.809, , , ,main,337,344,__________P___, , , , , , , , ,-5, , , , , , , , , , , , , , , , , , , , , , , , , , , , , , , , , , , , , , , , , , , , , , , , , , , , , , , , , , , , , , , , , , , , , , , , , , , , , , , , , , , , , , , , , , , , , , , , , , , , , , , , , ,20.3306,124.809,7, , , , , , , , , , , , , , , , , , , , , , , , , , , ,16,355
1884236N13127,1884,26,WP,MM,NOT_NAMED,1884-08-24 04:00:00,NR,20.6000,124.800, , , ,main,359,359,__________O___, , , , , , , , ,-5, , , , , , , , , , , , , , , , , , , , , , , , , , , , , , , , , , , , , , , , , , , , , , , , , , , , , , , , , , , , , , , , , , , , , , , , , , , , , , , , , , , , , , , , , , , , , , , , , , , , , , , , , ,20.6000,124.800,7, , , , , , , , , , , , , , , , , , , , , , , , , , , ,17,358
1884236N13127,1884,26,WP,MM,NOT_NAMED,1884-08-24 06:00:00,NR,21.1844,124.784, , , ,main,408,366,__________P___, , , , , , , , ,-5, , , , , , , , , , , , , , , , , , , , , , , , , , , , , , , , , , , , , , , , , , , , , , , , , , , , , , , , , , , , , , , , , , , , , , , , , , , , , , , , , , , , , , , , , , , , , , , , , , , , , , , , , ,21.1844,124.784,7, , , , , , , , , , , , , , , , , , , , , , , , , , , ,18,0
1884236N13127,1884,26,WP,MM,NOT_NAMED,1884-08-24 09:00:00,NR,22.1180,124.822, , , ,main,366,342,__________P___, , , , , , , , ,-5, , , , , , , , , , , , , , , , , , , , , , , , , , , , , , , , , , , , , , , , , , , , , , , , , , , , , , , , , , , , , , , , , , , , , , , , , , , , , , , , , , , , , , , , , , , , , , , , , , , , , , , , , ,22.1180,124.822,7, , , , , , , , , , , , , , , , , , , , , , , , , , , ,19,4
1884236N13127,1884,26,WP,MM,NOT_NAMED,1884-08-24 12:00:00,NR,23.0921,124.935, , , ,main,342,326,__________P___, , , , , , , , ,-5, , , , , , , , , , , , , , , , , , , , , , , , , , , , , , , , , , , , , , , , , , , , , , , , , , , , , , , , , , , , , , , , , , , , , , , , , , , , , , , , , , , , , , , , , , , , , , , , , , , , , , , , , ,23.0921,124.935,7, , , , , , , , , , , , , , , , , , , , , , , , , , , ,20,8
1884236N13127,1884,26,WP,MM,NOT_NAMED,1884-08-24 15:00:00,NR,24.0755,125.122, , , ,main,327,325,__________P___, , , , , , , , ,-5, , , , , , , , , , , , , , , , , , , , , , , , , , , , , , , , , , , , , , , , , , , , , , , , , , , , , , , , , , , , , , , , , , , , , , , , , , , , , , , , , , , , , , , , , , , , , , , , , , , , , , , , , ,24.0755,125.122,7, , , , , , , , , , , , , , , , , , , , , , , , , , , ,20,10
1884236N13127,1884,26,WP,MM,NOT_NAMED,1884-08-24 16:00:00,NR,24.4000,125.200, , , ,main,329,325,__________O___, , , , , , , , ,-5, , , , , , , , , , , , , , , , , , , , , , , , , , , , , , , , , , , , , , , , , , , , , , , , , , , , , , , , , , , , , , , , , , , , , , , , , , , , , , , , , , , , , , , , , , , , , , , , , , , , , , , , , ,24.4000,125.200,7, , , , , , , , , , , , , , , , , , , , , , , , , , , ,20,14
1884236N13127,1884,26,WP,MM,NOT_NAMED,1884-08-24 18:00:00,NR,25.0390,125.380, , , ,main,342,342,__________P___, , , , , , , , ,-5, , , , , , , , , , , , , , , , , , , , , , , , , , , , , , , , , , , , , , , , , , , , , , , , , , , , , , , , , , , , , , , , , , , , , , , , , , , , , , , , , , , , , , , , , , , , , , , , , , , , , , , , , ,25.0390,125.380,7, , , , , , , , , , , , , , , , , , , , , , , , , , , ,20,16
1884236N13127,1884,26,WP,MM,NOT_NAMED,1884-08-24 21:00:00,NR,25.9757,125.701, , , ,main,387,387,__________P___, , , , , , , , ,-5, , , , , , , , , , , , , , , , , , , , , , , , , , , , , , , , , , , , , , , , , , , , , , , , , , , , , , , , , , , , , , , , , , , , , , , , , , , , , , , , , , , , , , , , , , , , , , , , , , , , , , , , , ,25.9757,125.701,7, , , , , , , , , , , , , , , , , , , , , , , , , , , ,20,18
1884236N13127,1884,26,WP,MM,NOT_NAMED,1884-08-25 00:00:00,NR,26.8933,126.068, , , ,main,461,461,__________P___, , , , , , , , ,-5, , , , , , , , , , , , , , , , , , , , , , , , , , , , , , , , , , , , , , , , , , , , , , , , , , , , , , , , , , , , , , , , , , , , , , , , , , , , , , , , , , , , , , , , , , , , , , , , , , , , , , , , , ,26.8933,126.068,7, , , , , , , , , , , , , , , , , , , , , , , , , , , ,20,20
1884236N13127,1884,26,WP,MM,NOT_NAMED,1884-08-25 03:00:00,NR,27.7993,126.464, , , ,main,466,462,__________P___, , , , , , , , ,-5, , , , , , , , , , , , , , , , , , , , , , , , , , , , , , , , , , , , , , , , , , , , , , , , , , , , , , , , , , , , , , , , , , , , , , , , , , , , , , , , , , , , , , , , , , , , , , , , , , , , , , , , , ,27.7993,126.464,7, , , , , , , , , , , , , , , , , , , , , , , , , , , ,20,21
1884236N13127,1884,26,WP,MM,NOT_NAMED,1884-08-25 04:00:00,NR,28.1000,126.600, , , ,main,464, ,__________O___, , , , , , , , ,-5, , , , , , , , , , , , , , , , , , , , , , , , , , , , , , , , , , , , , , , , , , , , , , , , , , , , , , , , , , , , , , , , , , , , , , , , , , , , , , , , , , , , , , , , , , , , , , , , , , , , , , , , , ,28.1000,126.600,7, , , , , , , , , , , , , , , , , , , , , , , , , , , ,20,22
1884243N15129,1884,28,WP,MM,NOT_NAMED,1884-08-29 16:00:00,NR,15.4000,128.500, , , ,main,472,472,__________O___, , , , , , , , ,-5, , , , , , , , , , , , , , , , , , , , , , , , , , , , , , , , , , , , , , , , , , , , , , , , , , , , , , , , , , , , , , , , , , , , , , , , , , , , , , , , , , , , , , , , , , , , , , , , , , , , , , , , , ,15.4000,128.500,4, , , , , , , , , , , , , , , , , , , , , , , , , , , ,0,0
1884243N15129,1884,28,WP,MM,NOT_NAMED,1884-08-29 18:00:00,NR,15.4002,128.500, , , ,main,472,472,__________P___, , , , , , , , ,-5, , , , , , , , , , , , , , , , , , , , , , , , , , , , , , , , , , , , , , , , , , , , , , , , , , , , , , , , , , , , , , , , , , , , , , , , , , , , , , , , , , , , , , , , , , , , , , , , , , , , , , , , , ,15.4002,128.500,4, , , , , , , , , , , , , , , , , , , , , , , , , , , ,0,0
1884243N15129,1884,28,WP,MM,NOT_NAMED,1884-08-29 21:00:00,NR,15.4192,128.487, , , ,main,472,466,__________P___, , , , , , , , ,-5, , , , , , , , , , , , , , , , , , , , , , , , , , , , , , , , , , , , , , , , , , , , , , , , , , , , , , , , , , , , , , , , , , , , , , , , , , , , , , , , , , , , , , , , , , , , , , , , , , , , , , , , , ,15.4192,128.487,4, , , , , , , , , , , , , , , , , , , , , , , , , , , ,1,325
1884243N15129,1884,28,WP,MM,NOT_NAMED,1884-08-30 00:00:00,NR,15.4862,128.443, , , ,main,466,460,__________P___, , , , , , , , ,-5, , , , , , , , , , , , , , , , , , , , , , , , , , , , , , , , , , , , , , , , , , , , , , , , , , , , , , , , , , , , , , , , , , , , , , , , , , , , , , , , , , , , , , , , , , , , , , , , , , , , , , , , , ,15.4862,128.443,4, , , , , , , , , , , , , , , , , , , , , , , , , , , ,3,327
1884243N15129,1884,28,WP,MM,NOT_NAMED,1884-08-30 03:00:00,NR,15.6300,128.347, , , ,main,460,460,__________P___, , , , , , , , ,-5, , , , , , , , , , , , , , , , , , , , , , , , , , , , , , , , , , , , , , , , , , , , , , , , , , , , , , , , , , , , , , , , , , , , , , , , , , , , , , , , , , , , , , , , , , , , , , , , , , , , , , , , , ,15.6300,128.347,4, , , , , , , , , , , , , , , , , , , , , , , , , , , ,4,328
1884243N15129,1884,28,WP,MM,NOT_NAMED,1884-08-30 04:00:00,NR,15.7000,128.300, , , ,main,465,460,__________O___, , , , , , , , ,-5, , , , , , , , , , , , , , , , , , , , , , , , , , , , , , , , , , , , , , , , , , , , , , , , , , , , , , , , , , , , , , , , , , , , , , , , , , , , , , , , , , , , , , , , , , , , , , , , , , , , , , , , , ,15.7000,128.300,4, , , , , , , , , , , , , , , , , , , , , , , , , , , ,6,327
1884243N15129,1884,28,WP,MM,NOT_NAMED,1884-08-30 06:00:00,NR,15.8764,128.182, , , ,main,465,456,__________P___, , , , , , , , ,-5, , , , , , , , , , , , , , , , , , , , , , , , , , , , , , , , , , , , , , , , , , , , , , , , , , , , , , , , , , , , , , , , , , , , , , , , , , , , , , , , , , , , , , , , , , , , , , , , , , , , , , , , , ,15.8764,128.182,4, , , , , , , , , , , , , , , , , , , , , , , , , , , ,7,328
1884243N15129,1884,28,WP,MM,NOT_NAMED,1884-08-30 09:00:00,NR,16.2165,127.962, , , ,main,464,455,__________P___, , , , , , , , ,-5, , , , , , , , , , , , , , , , , , , , , , , , , , , , , , , , , , , , , , , , , , , , , , , , , , , , , , , , , , , , , , , , , , , , , , , , , , , , , , , , , , , , , , , , , , , , , , , , , , , , , , , , , ,16.2165,127.962,4, , , , , , , , , , , , , , , , , , , , , , , , , , , ,9,329
1884243N15129,1884,28,WP,MM,NOT_NAMED,1884-08-30 12:00:00,NR,16.6193,127.715, , , ,main,465,464,__________P___, , , , , , , , ,-5, , , , , , , , , , , , , , , , , , , , , , , , , , , , , , , , , , , , , , , , , , , , , , , , , , , , , , , , , , , , , , , , , , , , , , , , , , , , , , , , , , , , , , , , , , , , , , , , , , , , , , , , , ,16.6193,127.715,4, , , , , , , , , , , , , , , , , , , , , , , , , , , ,10,331
1884243N15129,1884,28,WP,MM,NOT_NAMED,1884-08-30 15:00:00,NR,17.0536,127.474, , , ,main,487,480,__________P___, , , , , , , , ,-5, , , , , , , , , , , , , , , , , , , , , , , , , , , , , , , , , , , , , , , , , , , , , , , , , , , , , , , , , , , , , , , , , , , , , , , , , , , , , , , , , , , , , , , , , , , , , , , , , , , , , , , , , ,17.0536,127.474,4, , , , , , , , , , , , , , , , , , , , , , , , , , , ,10,333
1884243N15129,1884,28,WP,MM,NOT_NAMED,1884-08-30 16:00:00,NR,17.2000,127.400, , , ,main,488,488,__________O___, , , , , , , , ,-5, , , , , , , , , , , , , , , , , , , , , , , , , , , , , , , , , , , , , , , , , , , , , , , , , , , , , , , , , , , , , , , , , , , , , , , , , , , , , , , , , , , , , , , , , , , , , , , , , , , , , , , , , ,17.2000,127.400,4, , , , , , , , , , , , , , , , , , , , , , , , , , , ,9,335
1884243N15129,1884,28,WP,MM,NOT_NAMED,1884-08-30 18:00:00,NR,17.4640,127.275, , , ,main,506,496,__________P___, , , , , , , , ,-5, , , , , , , , , , , , , , , , , , , , , , , , , , , , , , , , , , , , , , , , , , , , , , , , , , , , , , , , , , , , , , , , , , , , , , , , , , , , , , , , , , , , , , , , , , , , , , , , , , , , , , , , , ,17.4640,127.275,4, , , , , , , , , , , , , , , , , , , , , , , , , , , ,9,337
1884243N15129,1884,28,WP,MM,NOT_NAMED,1884-08-30 21:00:00,NR,17.8725,127.106, , , ,main,498,490,__________P___, , , , , , , , ,-5, , , , , , , , , , , , , , , , , , , , , , , , , , , , , , , , , , , , , , , , , , , , , , , , , , , , , , , , , , , , , , , , , , , , , , , , , , , , , , , , , , , , , , , , , , , , , , , , , , , , , , , , , ,17.8725,127.106,4, , , , , , , , , , , , , , , , , , , , , , , , , , , ,9,340
1884243N15129,1884,28,WP,MM,NOT_NAMED,1884-08-31 00:00:00,NR,18.2987,126.960, , , ,main,496,475,__________P___, , , , , , , , ,-5, , , , , , , , , , , , , , , , , , , , , , , , , , , , , , , , , , , , , , , , , , , , , , , , , , , , , , , , , , , , , , , , , , , , , , , , , , , , , , , , , , , , , , , , , , , , , , , , , , , , , , , , , ,18.2987,126.960,4, , , , , , , , , , , , , , , , , , , , , , , , , , , ,9,344
1884243N15129,1884,28,WP,MM,NOT_NAMED,1884-08-31 03:00:00,NR,18.7458,126.836, , , ,main,475,476,__________P___, , , , , , , , ,-5, , , , , , , , , , , , , , , , , , , , , , , , , , , , , , , , , , , , , , , , , , , , , , , , , , , , , , , , , , , , , , , , , , , , , , , , , , , , , , , , , , , , , , , , , , , , , , , , , , , , , , , , , ,18.7458,126.836,4, , , , , , , , , , , , , , , , , , , , , , , , , , , ,9,346
1884243N15129,1884,28,WP,MM,NOT_NAMED,1884-08-31 04:00:00,NR,18.9000,126.800, , , ,main,477,469,__________O___, , , , , , , , ,-5, , , , , , , , , , , , , , , , , , , , , , , , , , , , , , , , , , , , , , , , , , , , , , , , , , , , , , , , , , , , , , , , , , , , , , , , , , , , , , , , , , , , , , , , , , , , , , , , , , , , , , , , , ,18.9000,126.800,4, , , , , , , , , , , , , , , , , , , , , , , , , , , ,10,348
1884243N15129,1884,28,WP,MM,NOT_NAMED,1884-08-31 06:00:00,NR,19.2214,126.728, , , ,main,471,471,__________P___, , , , , , , , ,-5, , , , , , , , , , , , , , , , , , , , , , , , , , , , , , , , , , , , , , , , , , , , , , , , , , , , , , , , , , , , , , , , , , , , , , , , , , , , , , , , , , , , , , , , , , , , , , , , , , , , , , , , , ,19.2214,126.728,4, , , , , , , , , , , , , , , , , , , , , , , , , , , ,10,350
1884243N15129,1884,28,WP,MM,NOT_NAMED,1884-08-31 09:00:00,NR,19.7226,126.638, , , ,main,474,478,__________P___, , , , , , , , ,-5, , , , , , , , , , , , , , , , , , , , , , , , , , , , , , , , , , , , , , , , , , , , , , , , , , , , , , , , , , , , , , , , , , , , , , , , , , , , , , , , , , , , , , , , , , , , , , , , , , , , , , , , , ,19.7226,126.638,4, , , , , , , , , , , , , , , , , , , , , , , , , , , ,10,352
1884243N15129,1884,28,WP,MM,NOT_NAMED,1884-08-31 12:00:00,NR,20.2328,126.568, , , ,main,494,494,__________P___, , , , , , , , ,-5, , , , , , , , , , , , , , , , , , , , , , , , , , , , , , , , , , , , , , , , , , , , , , , , , , , , , , , , , , , , , , , , , , , , , , , , , , , , , , , , , , , , , , , , , , , , , , , , , , , , , , , , , ,20.2328,126.568,4, , , , , , , , , , , , , , , , , , , , , , , , , , , ,10,353
1884243N15129,1884,28,WP,MM,NOT_NAMED,1884-08-31 15:00:00,NR,20.7363,126.515, , , ,main,509,515,__________P___, , , , , , , , ,-5, , , , , , , , , , , , , , , , , , , , , , , , , , , , , , , , , , , , , , , , , , , , , , , , , , , , , , , , , , , , , , , , , , , , , , , , , , , , , , , , , , , , , , , , , , , , , , , , , , , , , , , , , ,20.7363,126.515,4, , , , , , , , , , , , , , , , , , , , , , , , , , , ,10,355
1884243N15129,1884,28,WP,MM,NOT_NAMED,1884-08-31 16:00:00,NR,20.9000,126.500, , , ,main,521,521,__________O___, , , , , , , , ,-5, , , , , , , , , , , , , , , , , , , , , , , , , , , , , , , , , , , , , , , , , , , , , , , , , , , , , , , , , , , , , , , , , , , , , , , , , , , , , , , , , , , , , , , , , , , , , , , , , , , , , , , , , ,20.9000,126.500,4, , , , , , , , , , , , , , , , , , , , , , , , , , , ,9,356
1884243N15129,1884,28,WP,MM,NOT_NAMED,1884-08-31 18:00:00,NR,21.1983,126.479, , , ,main,539,539,__________P___, , , , , , , , ,-5, , , , , , , , , , , , , , , , , , , , , , , , , , , , , , , , , , , , , , , , , , , , , , , , , , , , , , , , , , , , , , , , , , , , , , , , , , , , , , , , , , , , , , , , , , , , , , , , , , , , , , , , , ,21.1983,126.479,4, , , , , , , , , , , , , , , , , , , , , , , , , , , ,9,357
1884243N15129,1884,28,WP,MM,NOT_NAMED,1884-08-31 21:00:00,NR,21.6328,126.461, , , ,main,550,525,__________P___, , , , , , , , ,-5, , , , , , , , , , , , , , , , , , , , , , , , , , , , , , , , , , , , , , , , , , , , , , , , , , , , , , , , , , , , , , , , , , , , , , , , , , , , , , , , , , , , , , , , , , , , , , , , , , , , , , , , , ,21.6328,126.461,4, , , , , , , , , , , , , , , , , , , , , , , , , , , ,9,357
1884243N15129,1884,28,WP,MM,NOT_NAMED,1884-09-01 00:00:00,NR,22.0713,126.445, , , ,main,525,510,__________P___, , , , , , , , ,-5, , , , , , , , , , , , , , , , , , , , , , , , , , , , , , , , , , , , , , , , , , , , , , , , , , , , , , , , , , , , , , , , , , , , , , , , , , , , , , , , , , , , , , , , , , , , , , , , , , , , , , , , , ,22.0713,126.445,4, , , , , , , , , , , , , , , , , , , , , , , , , , , ,9,357
1884243N15129,1884,28,WP,MM,NOT_NAMED,1884-09-01 03:00:00,NR,22.5357,126.416, , , ,main,510,500,__________P___, , , , , , , , ,-5, , , , , , , , , , , , , , , , , , , , , , , , , , , , , , , , , , , , , , , , , , , , , , , , , , , , , , , , , , , , , , , , , , , , , , , , , , , , , , , , , , , , , , , , , , , , , , , , , , , , , , , , , ,22.5357,126.416,4, , , , , , , , , , , , , , , , , , , , , , , , , , , ,10,357
1884243N15129,1884,28,WP,MM,NOT_NAMED,1884-09-01 04:00:00,NR,22.7000,126.400, , , ,main,500,483,__________O___, , , , , , , , ,-5, , , , , , , , , , , , , , , , , , , , , , , , , , , , , , , , , , , , , , , , , , , , , , , , , , , , , , , , , , , , , , , , , , , , , , , , , , , , , , , , , , , , , , , , , , , , , , , , , , , , , , , , , ,22.7000,126.400,4, , , , , , , , , , , , , , , , , , , , , , , , , , , ,10,355
1884243N15129,1884,28,WP,MM,NOT_NAMED,1884-09-01 06:00:00,NR,23.0522,126.351, , , ,main,483,457,__________P___, , , , , , , , ,-5, , , , , , , , , , , , , , , , , , , , , , , , , , , , , , , , , , , , , , , , , , , , , , , , , , , , , , , , , , , , , , , , , , , , , , , , , , , , , , , , , , , , , , , , , , , , , , , , , , , , , , , , , ,23.0522,126.351,4, , , , , , , , , , , , , , , , , , , , , , , , , , , ,11,352
1884243N15129,1884,28,WP,MM,NOT_NAMED,1884-09-01 09:00:00,NR,23.6120,126.257, , , ,main,457,423,__________P___, , , , , , , , ,-5, , , , , , , , , , , , , , , , , , , , , , , , , , , , , , , , , , , , , , , , , , , , , , , , , , , , , , , , , , , , , , , , , , , , , , , , , , , , , , , , , , , , , , , , , , , , , , , , , , , , , , , , , ,23.6120,126.257,4, , , , , , , , , , , , , , , , , , , , , , , , , , , ,12,351
1884243N15129,1884,28,WP,MM,NOT_NAMED,1884-09-01 12:00:00,NR,24.1984,126.150, , , ,main,423,403,__________P___, , , , , , , , ,-5, , , , , , , , , , , , , , , , , , , , , , , , , , , , , , , , , , , , , , , , , , , , , , , , , , , , , , , , , , , , , , , , , , , , , , , , , , , , , , , , , , , , , , , , , , , , , , , , , , , , , , , , , ,24.1984,126.150,4, , , , , , , , , , , , , , , , , , , , , , , , , , , ,12,350
1884243N15129,1884,28,WP,MM,NOT_NAMED,1884-09-01 15:00:00,NR,24.7989,126.037, , , ,main,403,402,__________P___, , , , , , , , ,-5, , , , , , , , , , , , , , , , , , , , , , , , , , , , , , , , , , , , , , , , , , , , , , , , , , , , , , , , , , , , , , , , , , , , , , , , , , , , , , , , , , , , , , , , , , , , , , , , , , , , , , , , , ,24.7989,126.037,4, , , , , , , , , , , , , , , , , , , , , , , , , , , ,12,350
1884243N15129,1884,28,WP,MM,NOT_NAMED,1884-09-01 16:00:00,NR,25.0000,126.000, , , ,main,402,393,__________O___, , , , , , , , ,-5, , , , , , , , , , , , , , , , , , , , , , , , , , , , , , , , , , , , , , , , , , , , , , , , , , , , , , , , , , , , , , , , , , , , , , , , , , , , , , , , , , , , , , , , , , , , , , , , , , , , , , , , , ,25.0000,126.000,4, , , , , , , , , , , , , , , , , , , , , , , , , , , ,12,351
1884243N15129,1884,28,WP,MM,NOT_NAMED,1884-09-01 18:00:00,NR,25.4016,125.928, , , ,main,394,394,__________P___, , , , , , , , ,-5, , , , , , , , , , , , , , , , , , , , , , , , , , , , , , , , , , , , , , , , , , , , , , , , , , , , , , , , , , , , , , , , , , , , , , , , , , , , , , , , , , , , , , , , , , , , , , , , , , , , , , , , , ,25.4016,125.928,4, , , , , , , , , , , , , , , , , , , , , , , , , , , ,12,351
1884243N15129,1884,28,WP,MM,NOT_NAMED,1884-09-01 21:00:00,NR,26.0025,125.826, , , ,main,397,397,__________P___, , , , , , , , ,-5, , , , , , , , , , , , , , , , , , , , , , , , , , , , , , , , , , , , , , , , , , , , , , , , , , , , , , , , , , , , , , , , , , , , , , , , , , , , , , , , , , , , , , , , , , , , , , , , , , , , , , , , , ,26.0025,125.826,4, , , , , , , , , , , , , , , , , , , , , , , , , , , ,12,351
1884243N15129,1884,28,WP,MM,NOT_NAMED,1884-09-02 00:00:00,NR,26.6019,125.728, , , ,main,410,410,__________P___, , , , , , , , ,-5, , , , , , , , , , , , , , , , , , , , , , , , , , , , , , , , , , , , , , , , , , , , , , , , , , , , , , , , , , , , , , , , , , , , , , , , , , , , , , , , , , , , , , , , , , , , , , , , , , , , , , , , , ,26.6019,125.728,4, , , , , , , , , , , , , , , , , , , , , , , , , , , ,12,352
1884243N15129,1884,28,WP,MM,NOT_NAMED,1884-09-02 03:00:00,NR,27.2006,125.632, , , ,main,411,405,__________P___, , , , , , , , ,-5, , , , , , , , , , , , , , , , , , , , , , , , , , , , , , , , , , , , , , , , , , , , , , , , , , , , , , , , , , , , , , , , , , , , , , , , , , , , , , , , , , , , , , , , , , , , , , , , , , , , , , , , , ,27.2006,125.632,4, , , , , , , , , , , , , , , , , , , , , , , , , , , ,12,352
1884243N15129,1884,28,WP,MM,NOT_NAMED,1884-09-02 04:00:00,NR,27.4000,125.600, , , ,main,405, ,__________O___, , , , , , , , ,-5, , , , , , , , , , , , , , , , , , , , , , , , , , , , , , , , , , , , , , , , , , , , , , , , , , , , , , , , , , , , , , , , , , , , , , , , , , , , , , , , , , , , , , , , , , , , , , , , , , , , , , , , , ,27.4000,125.600,4, , , , , , , , , , , , , , , , , , , , , , , , , , , ,12,351
1884250N15129,1884,31,WP,MM,NOT_NAMED,1884-09-05 16:00:00,NR,14.7000,128.500, , , ,main,428,420,__________O___, , , , , , , , ,-5, , , , , , , , , , , , , , , , , , , , , , , , , , , , , , , , , , , , , , , , , , , , , , , , , , , , , , , , , , , , , , , , , , , , , , , , , , , , , , , , , , , , , , , , , , , , , , , , , , , , , , , , , ,14.7000,128.500,4, , , , , , , , , , , , , , , , , , , , , , , , , , , ,3,310
1884250N15129,1884,31,WP,MM,NOT_NAMED,1884-09-05 18:00:00,NR,14.7573,128.431, , , ,main,427,420,__________P___, , , , , , , , ,-5, , , , , , , , , , , , , , , , , , , , , , , , , , , , , , , , , , , , , , , , , , , , , , , , , , , , , , , , , , , , , , , , , , , , , , , , , , , , , , , , , , , , , , , , , , , , , , , , , , , , , , , , , ,14.7573,128.431,4, , , , , , , , , , , , , , , , , , , , , , , , , , , ,3,311
1884250N15129,1884,31,WP,MM,NOT_NAMED,1884-09-05 21:00:00,NR,14.8531,128.316, , , ,main,427,420,__________P___, , , , , , , , ,-5, , , , , , , , , , , , , , , , , , , , , , , , , , , , , , , , , , , , , , , , , , , , , , , , , , , , , , , , , , , , , , , , , , , , , , , , , , , , , , , , , , , , , , , , , , , , , , , , , , , , , , , , , ,14.8531,128.316,4, , , , , , , , , , , , , , , , , , , , , , , , , , , ,3,311
1884250N15129,1884,31,WP,MM,NOT_NAMED,1884-09-06 00:00:00,NR,14.9739,128.171, , , ,main,427,410,__________P___, , , , , , , , ,-5, , , , , , , , , , , , , , , , , , , , , , , , , , , , , , , , , , , , , , , , , , , , , , , , , , , , , , , , , , , , , , , , , , , , , , , , , , , , , , , , , , , , , , , , , , , , , , , , , , , , , , , , , ,14.9739,128.171,4, , , , , , , , , , , , , , , , , , , , , , , , , , , ,4,311
1884250N15129,1884,31,WP,MM,NOT_NAMED,1884-09-06 03:00:00,NR,15.1348,127.978, , , ,main,410,403,__________P___, , , , , , , , ,-5, , , , , , , , , , , , , , , , , , , , , , , , , , , , , , , , , , , , , , , , , , , , , , , , , , , , , , , , , , , , , , , , , , , , , , , , , , , , , , , , , , , , , , , , , , , , , , , , , , , , , , , , , ,15.1348,127.978,4, , , , , , , , , , , , , , , , , , , , , , , , , , , ,5,311
1884250N15129,1884,31,WP,MM,NOT_NAMED,1884-09-06 04:00:00,NR,15.2000,127.900, , , ,main,403,388,__________O___, , , , , , , , ,-5, , , , , , , , , , , , , , , , , , , , , , , , , , , , , , , , , , , , , , , , , , , , , , , , , , , , , , , , , , , , , , , , , , , , , , , , , , , , , , , , , , , , , , , , , , , , , , , , , , , , , , , , , ,15.2000,127.900,4, , , , , , , , , , , , , , , , , , , , , , , , , , , ,7,311
1884250N15129,1884,31,WP,MM,NOT_NAMED,1884-09-06 06:00:00,NR,15.3487,127.721, , , ,main,388,374,__________P___, , , , , , , , ,-5, , , , , , , , , , , , , , , , , , , , , , , , , , , , , , , , , , , , , , , , , , , , , , , , , , , , , , , , , , , , , , , , , , , , , , , , , , , , , , , , , , , , , , , , , , , , , , , , , , , , , , , , , ,15.3487,127.721,4, , , , , , , , , , , , , , , , , , , , , , , , , , , ,8,310
1884250N15129,1884,31,WP,MM,NOT_NAMED,1884-09-06 09:00:00,NR,15.6035,127.408, , , ,main,374,359,__________P___, , , , , , , , ,-5, , , , , , , , , , , , , , , , , , , , , , , , , , , , , , , , , , , , , , , , , , , , , , , , , , , , , , , , , , , , , , , , , , , , , , , , , , , , , , , , , , , , , , , , , , , , , , , , , , , , , , , , , ,15.6035,127.408,4, , , , , , , , , , , , , , , , , , , , , , , , , , , ,8,310
1884250N15129,1884,31,WP,MM,NOT_NAMED,1884-09-06 12:00:00,NR,15.8713,127.064, , , ,main,366,348,__________P___, , , , , , , , ,-5, , , , , , , , , , , , , , , , , , , , , , , , , , , , , , , , , , , , , , , , , , , , , , , , , , , , , , , , , , , , , , , , , , , , , , , , , , , , , , , , , , , , , , , , , , , , , , , , , , , , , , , , , ,15.8713,127.064,4, , , , , , , , , , , , , , , , , , , , , , , , , , , ,8,308
1884250N15129,1884,31,WP,MM,NOT_NAMED,1884-09-06 15:00:00,NR,16.1240,126.714, , , ,main,348,348,__________P___, , , , , , , , ,-5, , , , , , , , , , , , , , , , , , , , , , , , , , , , , , , , , , , , , , , , , , , , , , , , , , , , , , , , , , , , , , , , , , , , , , , , , , , , , , , , , , , , , , , , , , , , , , , , , , , , , , , , , ,16.1240,126.714,4, , , , , , , , , , , , , , , , , , , , , , , , , , , ,8,306
1884250N15129,1884,31,WP,MM,NOT_NAMED,1884-09-06 16:00:00,NR,16.2000,126.600, , , ,main,348,341,__________O___, , , , , , , , ,-5, , , , , , , , , , , , , , , , , , , , , , , , , , , , , , , , , , , , , , , , , , , , , , , , , , , , , , , , , , , , , , , , , , , , , , , , , , , , , , , , , , , , , , , , , , , , , , , , , , , , , , , , , ,16.2000,126.600,4, , , , , , , , , , , , , , , , , , , , , , , , , , , ,7,303
1884250N15129,1884,31,WP,MM,NOT_NAMED,1884-09-06 18:00:00,NR,16.3201,126.394, , , ,main,342,335,__________P___, , , , , , , , ,-5, , , , , , , , , , , , , , , , , , , , , , , , , , , , , , , , , , , , , , , , , , , , , , , , , , , , , , , , , , , , , , , , , , , , , , , , , , , , , , , , , , , , , , , , , , , , , , , , , , , , , , , , , ,16.3201,126.394,4, , , , , , , , , , , , , , , , , , , , , , , , , , , ,7,299
1884250N15129,1884,31,WP,MM,NOT_NAMED,1884-09-06 21:00:00,NR,16.4750,126.091, , , ,main,340,328,__________P___, , , , , , , , ,-5, , , , , , , , , , , , , , , , , , , , , , , , , , , , , , , , , , , , , , , , , , , , , , , , , , , , , , , , , , , , , , , , , , , , , , , , , , , , , , , , , , , , , , , , , , , , , , , , , , , , , , , , , ,16.4750,126.091,4, , , , , , , , , , , , , , , , , , , , , , , , , , , ,6,297
1884250N15129,1884,31,WP,MM,NOT_NAMED,1884-09-07 00:00:00,NR,16.6136,125.794, , , ,main,332,319,__________P___, , , , , , , , ,-5, , , , , , , , , , , , , , , , , , , , , , , , , , , , , , , , , , , , , , , , , , , , , , , , , , , , , , , , , , , , , , , , , , , , , , , , , , , , , , , , , , , , , , , , , , , , , , , , , , , , , , , , , ,16.6136,125.794,4, , , , , , , , , , , , , , , , , , , , , , , , , , , ,6,296
1884250N15129,1884,31,WP,MM,NOT_NAMED,1884-09-07 03:00:00,NR,16.7515,125.499, , , ,main,319,308,__________P___, , , , , , , , ,-5, , , , , , , , , , , , , , , , , , , , , , , , , , , , , , , , , , , , , , , , , , , , , , , , , , , , , , , , , , , , , , , , , , , , , , , , , , , , , , , , , , , , , , , , , , , , , , , , , , , , , , , , , ,16.7515,125.499,4, , , , , , , , , , , , , , , , , , , , , , , , , , , ,6,296
1884250N15129,1884,31,WP,MM,NOT_NAMED,1884-09-07 04:00:00,NR,16.8000,125.400, , , ,main,308,287,__________O___, , , , , , , , ,-5, , , , , , , , , , , , , , , , , , , , , , , , , , , , , , , , , , , , , , , , , , , , , , , , , , , , , , , , , , , , , , , , , , , , , , , , , , , , , , , , , , , , , , , , , , , , , , , , , , , , , , , , , ,16.8000,125.400,4, , , , , , , , , , , , , , , , , , , , , , , , , , , ,7,301
1884250N15129,1884,31,WP,MM,NOT_NAMED,1884-09-07 06:00:00,NR,16.9160,125.205, , , ,main,287,255,__________P___, , , , , , , , ,-5, , , , , , , , , , , , , , , , , , , , , , , , , , , , , , , , , , , , , , , , , , , , , , , , , , , , , , , , , , , , , , , , , , , , , , , , , , , , , , , , , , , , , , , , , , , , , , , , , , , , , , , , , ,16.9160,125.205,4, , , , , , , , , , , , , , , , , , , , , , , , , , , ,7,302
1884250N15129,1884,31,WP,MM,NOT_NAMED,1884-09-07 09:00:00,NR,17.0966,124.913, , , ,main,255,225,__________P___, , , , , , , , ,-5, , , , , , , , , , , , , , , , , , , , , , , , , , , , , , , , , , , , , , , , , , , , , , , , , , , , , , , , , , , , , , , , , , , , , , , , , , , , , , , , , , , , , , , , , , , , , , , , , , , , , , , , , ,17.0966,124.913,4, , , , , , , , , , , , , , , , , , , , , , , , , , , ,7,303
1884250N15129,1884,31,WP,MM,NOT_NAMED,1884-09-07 12:00:00,NR,17.2767,124.616, , , ,main,225,196,__________P___, , , , , , , , ,-5, , , , , , , , , , , , , , , , , , , , , , , , , , , , , , , , , , , , , , , , , , , , , , , , , , , , , , , , , , , , , , , , , , , , , , , , , , , , , , , , , , , , , , , , , , , , , , , , , , , , , , , , , ,17.2767,124.616,4, , , , , , , , , , , , , , , , , , , , , , , , , , , ,7,301
1884250N15129,1884,31,WP,MM,NOT_NAMED,1884-09-07 15:00:00,NR,17.4470,124.307, , , ,main,196,189,__________P___, , , , , , , , ,-5, , , , , , , , , , , , , , , , , , , , , , , , , , , , , , , , , , , , , , , , , , , , , , , , , , , , , , , , , , , , , , , , , , , , , , , , , , , , , , , , , , , , , , , , , , , , , , , , , , , , , , , , , ,17.4470,124.307,4, , , , , , , , , , , , , , , , , , , , , , , , , , , ,7,299
1884250N15129,1884,31,WP,MM,NOT_NAMED,1884-09-07 16:00:00,NR,17.5000,124.200, , , ,main,189,172,__________O___, , , , , , , , ,-5, , , , , , , , , , , , , , , , , , , , , , , , , , , , , , , , , , , , , , , , , , , , , , , , , , , , , , , , , , , , , , , , , , , , , , , , , , , , , , , , , , , , , , , , , , , , , , , , , , , , , , , , , ,17.5000,124.200,4, , , , , , , , , , , , , , , , , , , , , , , , , , , ,7,295
1884250N15129,1884,31,WP,MM,NOT_NAMED,1884-09-07 18:00:00,NR,17.5974,123.975, , , ,main,172,134,__________P___, , , , , , , , ,-5, , , , , , , , , , , , , , , , , , , , , , , , , , , , , , , , , , , , , , , , , , , , , , , , , , , , , , , , , , , , , , , , , , , , , , , , , , , , , , , , , , , , , , , , , , , , , , , , , , , , , , , , , ,17.5974,123.975,4, , , , , , , , , , , , , , , , , , , , , , , , , , , ,7,293
1884250N15129,1884,31,WP,MM,NOT_NAMED,1884-09-07 21:00:00,NR,17.7309,123.626, , , ,main,134,110,__________P___, , , , , , , , ,-5, , , , , , , , , , , , , , , , , , , , , , , , , , , , , , , , , , , , , , , , , , , , , , , , , , , , , , , , , , , , , , , , , , , , , , , , , , , , , , , , , , , , , , , , , , , , , , , , , , , , , , , , , ,17.7309,123.626,4, , , , , , , , , , , , , , , , , , , , , , , , , , , ,7,291
1884250N15129,1884,31,WP,MM,NOT_NAMED,1884-09-08 00:00:00,NR,17.8521,123.269, , , ,main,114,71,__________P___, , , , , , , , ,-5, , , , , , , , , , , , , , , , , , , , , , , , , , , , , , , , , , , , , , , , , , , , , , , , , , , , , , , , , , , , , , , , , , , , , , , , , , , , , , , , , , , , , , , , , , , , , , , , , , , , , , , , , ,17.8521,123.269,4, , , , , , , , , , , , , , , , , , , , , , , , , , , ,7,289
1884250N15129,1884,31,WP,MM,NOT_NAMED,1884-09-08 03:00:00,NR,17.9641,122.916, , , ,main,71,62,__________P___, , , , , , , , ,-5, , , , , , , , , , , , , , , , , , , , , , , , , , , , , , , , , , , , , , , , , , , , , , , , , , , , , , , , , , , , , , , , , , , , , , , , , , , , , , , , , , , , , , , , , , , , , , , , , , , , , , , , , ,17.9641,122.916,4, , , , , , , , , , , , , , , , , , , , , , , , , , , ,7,288
1884250N15129,1884,31,WP,MM,NOT_NAMED,1884-09-08 04:00:00,NR,18.0000,122.800, , , ,main,62,38,__________O___, , , , , , , , ,-5, , , , , , , , , , , , , , , , , , , , , , , , , , , , , , , , , , , , , , , , , , , , , , , , , , , , , , , , , , , , , , , , , , , , , , , , , , , , , , , , , , , , , , , , , , , , , , , , , , , , , , , , , ,18.0000,122.800,4, , , , , , , , , , , , , , , , , , , , , , , , , , , ,7,290
1884250N15129,1884,31,WP,MM,NOT_NAMED,1884-09-08 06:00:00,NR,18.0774,122.580, , , ,main,38,10,__________P___, , , , , , , , ,-5, , , , , , , , , , , , , , , , , , , , , , , , , , , , , , , , , , , , , , , , , , , , , , , , , , , , , , , , , , , , , , , , , , , , , , , , , , , , , , , , , , , , , , , , , , , , , , , , , , , , , , , , , ,18.0774,122.580,4, , , , , , , , , , , , , , , , , , , , , , , , , , , ,7,290
1884250N15129,1884,31,WP,MM,NOT_NAMED,1884-09-08 09:00:00,NR,18.1875,122.257, , , ,main,10,0,__________P___, , , , , , , , ,-5, , , , , , , , , , , , , , , , , , , , , , , , , , , , , , , , , , , , , , , , , , , , , , , , , , , , , , , , , , , , , , , , , , , , , , , , , , , , , , , , , , , , , , , , , , , , , , , , , , , , , , , , , ,18.1875,122.257,4, , , , , , , , , , , , , , , , , , , , , , , , , , , ,6,289
1884250N15129,1884,31,WP,MM,NOT_NAMED,1884-09-08 12:00:00,NR,18.2876,121.936, , , ,main,0,0,__________P___, , , , , , , , ,-5, , , , , , , , , , , , , , , , , , , , , , , , , , , , , , , , , , , , , , , , , , , , , , , , , , , , , , , , , , , , , , , , , , , , , , , , , , , , , , , , , , , , , , , , , , , , , , , , , , , , , , , , , ,18.2876,121.936,4, , , , , , , , , , , , , , , , , , , , , , , , , , , ,6,287
1884250N15129,1884,31,WP,MM,NOT_NAMED,1884-09-08 15:00:00,NR,18.3745,121.610, , , ,main,0,0,__________P___, , , , , , , , ,-5, , , , , , , , , , , , , , , , , , , , , , , , , , , , , , , , , , , , , , , , , , , , , , , , , , , , , , , , , , , , , , , , , , , , , , , , , , , , , , , , , , , , , , , , , , , , , , , , , , , , , , , , , ,18.3745,121.610,4, , , , , , , , , , , , , , , , , , , , , , , , , , , ,6,285
1884250N15129,1884,31,WP,MM,NOT_NAMED,1884-09-08 16:00:00,NR,18.4000,121.500, , , ,main,0,0,__________O___, , , , , , , , ,-5, , , , , , , , , , , , , , , , , , , , , , , , , , , , , , , , , , , , , , , , , , , , , , , , , , , , , , , , , , , , , , , , , , , , , , , , , , , , , , , , , , , , , , , , , , , , , , , , , , , , , , , , , ,18.4000,121.500,4, , , , , , , , , , , , , , , , , , , , , , , , , , , ,6,282
1884250N15129,1884,31,WP,MM,NOT_NAMED,1884-09-08 18:00:00,NR,18.4365,121.290, , , ,main,0,0,__________P___, , , , , , , , ,-5, , , , , , , , , , , , , , , , , , , , , , , , , , , , , , , , , , , , , , , , , , , , , , , , , , , , , , , , , , , , , , , , , , , , , , , , , , , , , , , , , , , , , , , , , , , , , , , , , , , , , , , , , ,18.4365,121.290,4, , , , , , , , , , , , , , , , , , , , , , , , , , , ,6,279
1884250N15129,1884,31,WP,MM,NOT_NAMED,1884-09-08 21:00:00,NR,18.4786,120.970, , , ,main,0,0,__________P___, , , , , , , , ,-5, , , , , , , , , , , , , , , , , , , , , , , , , , , , , , , , , , , , , , , , , , , , , , , , , , , , , , , , , , , , , , , , , , , , , , , , , , , , , , , , , , , , , , , , , , , , , , , , , , , , , , , , , ,18.4786,120.970,4, , , , , , , , , , , , , , , , , , , , , , , , , , , ,6,278
1884250N15129,1884,31,WP,MM,NOT_NAMED,1884-09-09 00:00:00,NR,18.5197,120.627, , , ,main,11,11,__________P___, , , , , , , , ,-5, , , , , , , , , , , , , , , , , , , , , , , , , , , , , , , , , , , , , , , , , , , , , , , , , , , , , , , , , , , , , , , , , , , , , , , , , , , , , , , , , , , , , , , , , , , , , , , , , , , , , , , , , ,18.5197,120.627,4, , , , , , , , , , , , , , , , , , , , , , , , , , , ,7,278
1884250N15129,1884,31,WP,MM,NOT_NAMED,1884-09-09 03:00:00,NR,18.5754,120.241, , , ,main,47,47,__________P___, , , , , , , , ,-5, , , , , , , , , , , , , , , , , , , , , , , , , , , , , , , , , , , , , , , , , , , , , , , , , , , , , , , , , , , , , , , , , , , , , , , , , , , , , , , , , , , , , , , , , , , , , , , , , , , , , , , , , ,18.5754,120.241,4, , , , , , , , , , , , , , , , , , , , , , , , , , , ,8,279
1884250N15129,1884,31,WP,MM,NOT_NAMED,1884-09-09 04:00:00,NR,18.6000,120.100, , , ,main,57,57,__________O___, , , , , , , , ,-5, , , , , , , , , , , , , , , , , , , , , , , , , , , , , , , , , , , , , , , , , , , , , , , , , , , , , , , , , , , , , , , , , , , , , , , , , , , , , , , , , , , , , , , , , , , , , , , , , , , , , , , , , ,18.6000,120.100,4, , , , , , , , , , , , , , , , , , , , , , , , , , , ,9,282
1884250N15129,1884,31,WP,MM,NOT_NAMED,1884-09-09 06:00:00,NR,18.6691,119.785, , , ,main,90,90,__________P___, , , , , , , , ,-5, , , , , , , , , , , , , , , , , , , , , , , , , , , , , , , , , , , , , , , , , , , , , , , , , , , , , , , , , , , , , , , , , , , , , , , , , , , , , , , , , , , , , , , , , , , , , , , , , , , , , , , , , ,18.6691,119.785,4, , , , , , , , , , , , , , , , , , , , , , , , , , , ,10,284
1884250N15129,1884,31,WP,MM,NOT_NAMED,1884-09-09 09:00:00,NR,18.7915,119.268, , , ,main,144,154,__________P___, , , , , , , , ,-5, , , , , , , , , , , , , , , , , , , , , , , , , , , , , , , , , , , , , , , , , , , , , , , , , , , , , , , , , , , , , , , , , , , , , , , , , , , , , , , , , , , , , , , , , , , , , , , , , , , , , , , , , ,18.7915,119.268,4, , , , , , , , , , , , , , , , , , , , , , , , , , , ,10,284
1884250N15129,1884,31,WP,MM,NOT_NAMED,1884-09-09 12:00:00,NR,18.9253,118.723, , , ,main,207,207,__________P___, , , , , , , , ,-5, , , , , , , , , , , , , , , , , , , , , , , , , , , , , , , , , , , , , , , , , , , , , , , , , , , , , , , , , , , , , , , , , , , , , , , , , , , , , , , , , , , , , , , , , , , , , , , , , , , , , , , , , ,18.9253,118.723,4, , , , , , , , , , , , , , , , , , , , , , , , , , , ,11,284
1884250N15129,1884,31,WP,MM,NOT_NAMED,1884-09-09 15:00:00,NR,19.0581,118.177, , , ,main,264,274,__________P___, , , , , , , , ,-5, , , , , , , , , , , , , , , , , , , , , , , , , , , , , , , , , , , , , , , , , , , , , , , , , , , , , , , , , , , , , , , , , , , , , , , , , , , , , , , , , , , , , , , , , , , , , , , , , , , , , , , , , ,19.0581,118.177,4, , , , , , , , , , , , , , , , , , , , , , , , , , , ,11,284
1884250N15129,1884,31,WP,MM,NOT_NAMED,1884-09-09 16:00:00,NR,19.1000,118.000, , , ,main,284,284,__________O___, , , , , , , , ,-5, , , , , , , , , , , , , , , , , , , , , , , , , , , , , , , , , , , , , , , , , , , , , , , , , , , , , , , , , , , , , , , , , , , , , , , , , , , , , , , , , , , , , , , , , , , , , , , , , , , , , , , , , ,19.1000,118.000,4, , , , , , , , , , , , , , , , , , , , , , , , , , , ,10,281
1884250N15129,1884,31,WP,MM,NOT_NAMED,1884-09-09 18:00:00,NR,19.1456,117.679, , , ,main,315,315,__________P___, , , , , , , , ,-5, , , , , , , , , , , , , , , , , , , , , , , , , , , , , , , , , , , , , , , , , , , , , , , , , , , , , , , , , , , , , , , , , , , , , , , , , , , , , , , , , , , , , , , , , , , , , , , , , , , , , , , , , ,19.1456,117.679,4, , , , , , , , , , , , , , , , , , , , , , , , , , , ,9,278
1884250N15129,1884,31,WP,MM,NOT_NAMED,1884-09-09 21:00:00,NR,19.2074,117.210, , , ,main,368,368,__________P___, , , , , , , , ,-5, , , , , , , , , , , , , , , , , , , , , , , , , , , , , , , , , , , , , , , , , , , , , , , , , , , , , , , , , , , , , , , , , , , , , , , , , , , , , , , , , , , , , , , , , , , , , , , , , , , , , , , , , ,19.2074,117.210,4, , , , , , , , , , , , , , , , , , , , , , , , , , , ,9,279
1884250N15129,1884,31,WP,MM,NOT_NAMED,1884-09-10 00:00:00,NR,19.2921,116.744, , , ,main,391,372,__________P___, , , , , , , , ,-5, , , , , , , , , , , , , , , , , , , , , , , , , , , , , , , , , , , , , , , , , , , , , , , , , , , , , , , , , , , , , , , , , , , , , , , , , , , , , , , , , , , , , , , , , , , , , , , , , , , , , , , , , ,19.2921,116.744,4, , , , , , , , , , , , , , , , , , , , , , , , , , , ,9,284
1884250N15129,1884,31,WP,MM,NOT_NAMED,1884-09-10 03:00:00,NR,19.4341,116.265, , , ,main,372,357,__________P___, , , , , , , , ,-5, , , , , , , , , , , , , , , , , , , , , , , , , , , , , , , , , , , , , , , , , , , , , , , , , , , , , , , , , , , , , , , , , , , , , , , , , , , , , , , , , , , , , , , , , , , , , , , , , , , , , , , , , ,19.4341,116.265,4, , , , , , , , , , , , , , , , , , , , , , , , , , , ,10,289
1884250N15129,1884,31,WP,MM,NOT_NAMED,1884-09-10 04:00:00,NR,19.5000,116.100, , , ,main,357,323,__________O___, , , , , , , , ,-5, , , , , , , , , , , , , , , , , , , , , , , , , , , , , , , , , , , , , , , , , , , , , , , , , , , , , , , , , , , , , , , , , , , , , , , , , , , , , , , , , , , , , , , , , , , , , , , , , , , , , , , , , ,19.5000,116.100,4, , , , , , , , , , , , , , , , , , , , , , , , , , , ,11,294
1884250N15129,1884,31,WP,MM,NOT_NAMED,1884-09-10 06:00:00,NR,19.6556,115.727, , , ,main,323,270,__________P___, , , , , , , , ,-5, , , , , , , , , , , , , , , , , , , , , , , , , , , , , , , , , , , , , , , , , , , , , , , , , , , , , , , , , , , , , , , , , , , , , , , , , , , , , , , , , , , , , , , , , , , , , , , , , , , , , , , , , ,19.6556,115.727,4, , , , , , , , , , , , , , , , , , , , , , , , , , , ,12,297
1884250N15129,1884,31,WP,MM,NOT_NAMED,1884-09-10 09:00:00,NR,19.9516,115.148, , , ,main,270,225,__________P___, , , , , , , , ,-5, , , , , , , , , , , , , , , , , , , , , , , , , , , , , , , , , , , , , , , , , , , , , , , , , , , , , , , , , , , , , , , , , , , , , , , , , , , , , , , , , , , , , , , , , , , , , , , , , , , , , , , , , ,19.9516,115.148,4, , , , , , , , , , , , , , , , , , , , , , , , , , , ,13,301
1884250N15129,1884,31,WP,MM,NOT_NAMED,1884-09-10 12:00:00,NR,20.3166,114.579, , , ,main,225,176,__________P___, , , , , , , , ,-5, , , , , , , , , , , , , , , , , , , , , , , , , , , , , , , , , , , , , , , , , , , , , , , , , , , , , , , , , , , , , , , , , , , , , , , , , , , , , , , , , , , , , , , , , , , , , , , , , , , , , , , , , ,20.3166,114.579,4, , , , , , , , , , , , , , , , , , , , , , , , , , , ,13,308
1884250N15129,1884,31,WP,MM,NOT_NAMED,1884-09-10 15:00:00,NR,20.7444,114.057, , , ,main,176,145,__________P___, , , , , , , , ,-5, , , , , , , , , , , , , , , , , , , , , , , , , , , , , , , , , , , , , , , , , , , , , , , , , , , , , , , , , , , , , , , , , , , , , , , , , , , , , , , , , , , , , , , , , , , , , , , , , , , , , , , , , ,20.7444,114.057,4, , , , , , , , , , , , , , , , , , , , , , , , , , , ,13,313
1884250N15129,1884,31,WP,MM,NOT_NAMED,1884-09-10 16:00:00,NR,20.9000,113.900, , , ,main,145,99,__________O___, , , , , , , , ,-5, , , , , , , , , , , , , , , , , , , , , , , , , , , , , , , , , , , , , , , , , , , , , , , , , , , , , , , , , , , , , , , , , , , , , , , , , , , , , , , , , , , , , , , , , , , , , , , , , , , , , , , , , ,20.9000,113.900,4, , , , , , , , , , , , , , , , , , , , , , , , , , , ,13,319
1884250N15129,1884,31,WP,MM,NOT_NAMED,1884-09-10 18:00:00,NR,21.2389,113.598, , , ,main,99,23,__________P___, , , , , , , , ,-5, , , , , , , , , , , , , , , , , , , , , , , , , , , , , , , , , , , , , , , , , , , , , , , , , , , , , , , , , , , , , , , , , , , , , , , , , , , , , , , , , , , , , , , , , , , , , , , , , , , , , , , , , ,21.2389,113.598,4, , , , , , , , , , , , , , , , , , , , , , , , , , , ,13,324
1884250N15129,1884,31,WP,MM,NOT_NAMED,1884-09-10 21:00:00,NR,21.7987,113.202, , , ,main,23,0,__________P___, , , , , , , , ,-5, , , , , , , , , , , , , , , , , , , , , , , , , , , , , , , , , , , , , , , , , , , , , , , , , , , , , , , , , , , , , , , , , , , , , , , , , , , , , , , , , , , , , , , , , , , , , , , , , , , , , , , , , ,21.7987,113.202,4, , , , , , , , , , , , , , , , , , , , , , , , , , , ,13,330
1884250N15129,1884,31,WP,MM,NOT_NAMED,1884-09-11 00:00:00,NR,22.3781,112.883, , , ,main,0,0,__________P___, , , , , , , , ,-5, , , , , , , , , , , , , , , , , , , , , , , , , , , , , , , , , , , , , , , , , , , , , , , , , , , , , , , , , , , , , , , , , , , , , , , , , , , , , , , , , , , , , , , , , , , , , , , , , , , , , , , , , ,22.3781,112.883,4, , , , , , , , , , , , , , , , , , , , , , , , , , , ,12,336
1884250N15129,1884,31,WP,MM,NOT_NAMED,1884-09-11 03:00:00,NR,22.9302,112.654, , , ,main,0,0,__________P___, , , , , , , , ,-5, , , , , , , , , , , , , , , , , , , , , , , , , , , , , , , , , , , , , , , , , , , , , , , , , , , , , , , , , , , , , , , , , , , , , , , , , , , , , , , , , , , , , , , , , , , , , , , , , , , , , , , , , ,22.9302,112.654,4, , , , , , , , , , , , , , , , , , , , , , , , , , , ,12,340
1884250N15129,1884,31,WP,MM,NOT_NAMED,1884-09-11 04:00:00,NR,23.1000,112.600, , , ,main,0,0,__________O___, , , , , , , , ,-5, , , , , , , , , , , , , , , , , , , , , , , , , , , , , , , , , , , , , , , , , , , , , , , , , , , , , , , , , , , , , , , , , , , , , , , , , , , , , , , , , , , , , , , , , , , , , , , , , , , , , , , , , ,23.1000,112.600,4, , , , , , , , , , , , , , , , , , , , , , , , , , , ,10,344
1884250N15129,1884,31,WP,MM,NOT_NAMED,1884-09-11 06:00:00,NR,23.3896,112.509, , , ,main,0,0,__________P___, , , , , , , , ,-5, , , , , , , , , , , , , , , , , , , , , , , , , , , , , , , , , , , , , , , , , , , , , , , , , , , , , , , , , , , , , , , , , , , , , , , , , , , , , , , , , , , , , , , , , , , , , , , , , , , , , , , , , ,23.3896,112.509,4, , , , , , , , , , , , , , , , , , , , , , , , , , , ,8,349
1884250N15129,1884,31,WP,MM,NOT_NAMED,1884-09-11 09:00:00,NR,23.7801,112.455, , , ,main,0,0,__________P___, , , , , , , , ,-5, , , , , , , , , , , , , , , , , , , , , , , , , , , , , , , , , , , , , , , , , , , , , , , , , , , , , , , , , , , , , , , , , , , , , , , , , , , , , , , , , , , , , , , , , , , , , , , , , , , , , , , , , ,23.7801,112.455,4, , , , , , , , , , , , , , , , , , , , , , , , , , , ,8,0
1884250N15129,1884,31,WP,MM,NOT_NAMED,1884-09-11 12:00:00,NR,24.1375,112.481, , , ,main,0,0,__________P___, , , , , , , , ,-5, , , , , , , , , , , , , , , , , , , , , , , , , , , , , , , , , , , , , , , , , , , , , , , , , , , , , , , , , , , , , , , , , , , , , , , , , , , , , , , , , , , , , , , , , , , , , , , , , , , , , , , , , ,24.1375,112.481,4, , , , , , , , , , , , , , , , , , , , , , , , , , , ,7,8
1884250N15129,1884,31,WP,MM,NOT_NAMED,1884-09-11 15:00:00,NR,24.4835,112.564, , , ,main,0,0,__________P___, , , , , , , , ,-5, , , , , , , , , , , , , , , , , , , , , , , , , , , , , , , , , , , , , , , , , , , , , , , , , , , , , , , , , , , , , , , , , , , , , , , , , , , , , , , , , , , , , , , , , , , , , , , , , , , , , , , , , ,24.4835,112.564,4, , , , , , , , , , , , , , , , , , , , , , , , , , , ,7,13
1884250N15129,1884,31,WP,MM,NOT_NAMED,1884-09-11 16:00:00,NR,24.6000,112.600, , , ,main,0,0,__________O___, , , , , , , , ,-5, , , , , , , , , , , , , , , , , , , , , , , , , , , , , , , , , , , , , , , , , , , , , , , , , , , , , , , , , , , , , , , , , , , , , , , , , , , , , , , , , , , , , , , , , , , , , , , , , , , , , , , , , ,24.6000,112.600,4, , , , , , , , , , , , , , , , , , , , , , , , , , , ,8,12
1884250N15129,1884,31,WP,MM,NOT_NAMED,1884-09-11 18:00:00,NR,24.8552,112.653, , , ,main,0,0,__________P___, , , , , , , , ,-5, , , , , , , , , , , , , , , , , , , , , , , , , , , , , , , , , , , , , , , , , , , , , , , , , , , , , , , , , , , , , , , , , , , , , , , , , , , , , , , , , , , , , , , , , , , , , , , , , , , , , , , , , ,24.8552,112.653,4, , , , , , , , , , , , , , , , , , , , , , , , , , , ,8,13
1884250N15129,1884,31,WP,MM,NOT_NAMED,1884-09-11 21:00:00,NR,25.2381,112.769, , , ,main,0,0,__________P___, , , , , , , , ,-5, , , , , , , , , , , , , , , , , , , , , , , , , , , , , , , , , , , , , , , , , , , , , , , , , , , , , , , , , , , , , , , , , , , , , , , , , , , , , , , , , , , , , , , , , , , , , , , , , , , , , , , , , ,25.2381,112.769,4, , , , , , , , , , , , , , , , , , , , , , , , , , , ,8,18
1884250N15129,1884,31,WP,MM,NOT_NAMED,1884-09-12 00:00:00,NR,25.6156,112.928, , , ,main,0,0,__________P___, , , , , , , , ,-5, , , , , , , , , , , , , , , , , , , , , , , , , , , , , , , , , , , , , , , , , , , , , , , , , , , , , , , , , , , , , , , , , , , , , , , , , , , , , , , , , , , , , , , , , , , , , , , , , , , , , , , , , ,25.6156,112.928,4, , , , , , , , , , , , , , , , , , , , , , , , , , , ,8,23
1884250N15129,1884,31,WP,MM,NOT_NAMED,1884-09-12 03:00:00,NR,25.9816,113.126, , , ,main,0,0,__________P___, , , , , , , , ,-5, , , , , , , , , , , , , , , , , , , , , , , , , , , , , , , , , , , , , , , , , , , , , , , , , , , , , , , , , , , , , , , , , , , , , , , , , , , , , , , , , , , , , , , , , , , , , , , , , , , , , , , , , ,25.9816,113.126,4, , , , , , , , , , , , , , , , , , , , , , , , , , , ,8,27
1884250N15129,1884,31,WP,MM,NOT_NAMED,1884-09-12 04:00:00,NR,26.1000,113.200, , , ,main,0,0,__________O___, , , , , , , , ,-5, , , , , , , , , , , , , , , , , , , , , , , , , , , , , , , , , , , , , , , , , , , , , , , , , , , , , , , , , , , , , , , , , , , , , , , , , , , , , , , , , , , , , , , , , , , , , , , , , , , , , , , , , ,26.1000,113.200,4, , , , , , , , , , , , , , , , , , , , , , , , , , , ,8,31
1884250N15129,1884,31,WP,MM,NOT_NAMED,1884-09-12 06:00:00,NR,26.3334,113.357, , , ,main,0,0,__________P___, , , , , , , , ,-5, , , , , , , , , , , , , , , , , , , , , , , , , , , , , , , , , , , , , , , , , , , , , , , , , , , , , , , , , , , , , , , , , , , , , , , , , , , , , , , , , , , , , , , , , , , , , , , , , , , , , , , , , ,26.3334,113.357,4, , , , , , , , , , , , , , , , , , , , , , , , , , , ,8,34
1884250N15129,1884,31,WP,MM,NOT_NAMED,1884-09-12 09:00:00,NR,26.6710,113.625, , , ,main,0,0,__________P___, , , , , , , , ,-5, , , , , , , , , , , , , , , , , , , , , , , , , , , , , , , , , , , , , , , , , , , , , , , , , , , , , , , , , , , , , , , , , , , , , , , , , , , , , , , , , , , , , , , , , , , , , , , , , , , , , , , , , ,26.6710,113.625,4, , , , , , , , , , , , , , , , , , , , , , , , , , , ,8,37
1884250N15129,1884,31,WP,MM,NOT_NAMED,1884-09-12 12:00:00,NR,26.9935,113.914, , , ,main,0,0,__________P___, , , , , , , , ,-5, , , , , , , , , , , , , , , , , , , , , , , , , , , , , , , , , , , , , , , , , , , , , , , , , , , , , , , , , , , , , , , , , , , , , , , , , , , , , , , , , , , , , , , , , , , , , , , , , , , , , , , , , ,26.9935,113.914,4, , , , , , , , , , , , , , , , , , , , , , , , , , , ,8,39
1884250N15129,1884,31,WP,MM,NOT_NAMED,1884-09-12 15:00:00,NR,27.3009,114.206, , , ,main,0,0,__________P___, , , , , , , , ,-5, , , , , , , , , , , , , , , , , , , , , , , , , , , , , , , , , , , , , , , , , , , , , , , , , , , , , , , , , , , , , , , , , , , , , , , , , , , , , , , , , , , , , , , , , , , , , , , , , , , , , , , , , ,27.3009,114.206,4, , , , , , , , , , , , , , , , , , , , , , , , , , , ,8,40
1884250N15129,1884,31,WP,MM,NOT_NAMED,1884-09-12 16:00:00,NR,27.4000,114.300, , , ,main,0,0,__________O___, , , , , , , , ,-5, , , , , , , , , , , , , , , , , , , , , , , , , , , , , , , , , , , , , , , , , , , , , , , , , , , , , , , , , , , , , , , , , , , , , , , , , , , , , , , , , , , , , , , , , , , , , , , , , , , , , , , , , ,27.4000,114.300,4, , , , , , , , , , , , , , , , , , , , , , , , , , , ,8,40
1884250N15129,1884,31,WP,MM,NOT_NAMED,1884-09-12 18:00:00,NR,27.5935,114.482, , , ,main,0,0,__________P___, , , , , , , , ,-5, , , , , , , , , , , , , , , , , , , , , , , , , , , , , , , , , , , , , , , , , , , , , , , , , , , , , , , , , , , , , , , , , , , , , , , , , , , , , , , , , , , , , , , , , , , , , , , , , , , , , , , , , ,27.5935,114.482,4, , , , , , , , , , , , , , , , , , , , , , , , , , , ,7,39
1884250N15129,1884,31,WP,MM,NOT_NAMED,1884-09-12 21:00:00,NR,27.8738,114.739, , , ,main,0,0,__________P___, , , , , , , , ,-5, , , , , , , , , , , , , , , , , , , , , , , , , , , , , , , , , , , , , , , , , , , , , , , , , , , , , , , , , , , , , , , , , , , , , , , , , , , , , , , , , , , , , , , , , , , , , , , , , , , , , , , , , ,27.8738,114.739,4, , , , , , , , , , , , , , , , , , , , , , , , , , , ,7,39
1884250N15129,1884,31,WP,MM,NOT_NAMED,1884-09-13 00:00:00,NR,28.1453,114.984, , , ,main,0,0,__________P___, , , , , , , , ,-5, , , , , , , , , , , , , , , , , , , , , , , , , , , , , , , , , , , , , , , , , , , , , , , , , , , , , , , , , , , , , , , , , , , , , , , , , , , , , , , , , , , , , , , , , , , , , , , , , , , , , , , , , ,28.1453,114.984,4, , , , , , , , , , , , , , , , , , , , , , , , , , , ,7,38
1884250N15129,1884,31,WP,MM,NOT_NAMED,1884-09-13 03:00:00,NR,28.4117,115.221, , , ,main,0,0,__________P___, , , , , , , , ,-5, , , , , , , , , , , , , , , , , , , , , , , , , , , , , , , , , , , , , , , , , , , , , , , , , , , , , , , , , , , , , , , , , , , , , , , , , , , , , , , , , , , , , , , , , , , , , , , , , , , , , , , , , ,28.4117,115.221,4, , , , , , , , , , , , , , , , , , , , , , , , , , , ,7,38
1884250N15129,1884,31,WP,MM,NOT_NAMED,1884-09-13 04:00:00,NR,28.5000,115.300, , , ,main,0, ,__________O___, , , , , , , , ,-5, , , , , , , , , , , , , , , , , , , , , , , , , , , , , , , , , , , , , , , , , , , , , , , , , , , , , , , , , , , , , , , , , , , , , , , , , , , , , , , , , , , , , , , , , , , , , , , , , , , , , , , , , ,28.5000,115.300,4, , , , , , , , , , , , , , , , , , , , , , , , , , , ,7,38
1884263N16125,1884,37,WP,MM,NOT_NAMED,1884-09-18 16:00:00,NR,15.8000,124.800, , , ,main,208,208,__________O___, , , , , , , , ,-5, , , , , , , , , , , , , , , , , , , , , , , , , , , , , , , , , , , , , , , , , , , , , , , , , , , , , , , , , , , , , , , , , , , , , , , , , , , , , , , , , , , , , , , , , , , , , , , , , , , , , , , , , ,15.8000,124.800,4, , , , , , , , , , , , , , , , , , , , , , , , , , , ,1,0
1884263N16125,1884,37,WP,MM,NOT_NAMED,1884-09-18 18:00:00,NR,15.7911,124.784, , , ,main,208,206,__________P___, , , , , , , , ,-5, , , , , , , , , , , , , , , , , , , , , , , , , , , , , , , , , , , , , , , , , , , , , , , , , , , , , , , , , , , , , , , , , , , , , , , , , , , , , , , , , , , , , , , , , , , , , , , , , , , , , , , , , ,15.7911,124.784,4, , , , , , , , , , , , , , , , , , , , , , , , , , , ,1,263
1884263N16125,1884,37,WP,MM,NOT_NAMED,1884-09-18 21:00:00,NR,15.7936,124.748, , , ,main,206,206,__________P___, , , , , , , , ,-5, , , , , , , , , , , , , , , , , , , , , , , , , , , , , , , , , , , , , , , , , , , , , , , , , , , , , , , , , , , , , , , , , , , , , , , , , , , , , , , , , , , , , , , , , , , , , , , , , , , , , , , , , ,15.7936,124.748,4, , , , , , , , , , , , , , , , , , , , , , , , , , , ,1,294
1884263N16125,1884,37,WP,MM,NOT_NAMED,1884-09-19 00:00:00,NR,15.8369,124.679, , , ,main,206,206,__________P___, , , , , , , , ,-5, , , , , , , , , , , , , , , , , , , , , , , , , , , , , , , , , , , , , , , , , , , , , , , , , , , , , , , , , , , , , , , , , , , , , , , , , , , , , , , , , , , , , , , , , , , , , , , , , , , , , , , , , ,15.8369,124.679,4, , , , , , , , , , , , , , , , , , , , , , , , , , , ,2,309
1884263N16125,1884,37,WP,MM,NOT_NAMED,1884-09-19 03:00:00,NR,15.9452,124.556, , , ,main,215,224,__________P___, , , , , , , , ,-5, , , , , , , , , , , , , , , , , , , , , , , , , , , , , , , , , , , , , , , , , , , , , , , , , , , , , , , , , , , , , , , , , , , , , , , , , , , , , , , , , , , , , , , , , , , , , , , , , , , , , , , , , ,15.9452,124.556,4, , , , , , , , , , , , , , , , , , , , , , , , , , , ,4,313
1884263N16125,1884,37,WP,MM,NOT_NAMED,1884-09-19 04:00:00,NR,16.0000,124.500, , , ,main,224,221,__________O___, , , , , , , , ,-5, , , , , , , , , , , , , , , , , , , , , , , , , , , , , , , , , , , , , , , , , , , , , , , , , , , , , , , , , , , , , , , , , , , , , , , , , , , , , , , , , , , , , , , , , , , , , , , , , , , , , , , , , ,16.0000,124.500,4, , , , , , , , , , , , , , , , , , , , , , , , , , , ,5,317
1884263N16125,1884,37,WP,MM,NOT_NAMED,1884-09-19 06:00:00,NR,16.1404,124.363, , , ,main,221,179,__________P___, , , , , , , , ,-5, , , , , , , , , , , , , , , , , , , , , , , , , , , , , , , , , , , , , , , , , , , , , , , , , , , , , , , , , , , , , , , , , , , , , , , , , , , , , , , , , , , , , , , , , , , , , , , , , , , , , , , , , ,16.1404,124.363,4, , , , , , , , , , , , , , , , , , , , , , , , , , , ,7,318
1884263N16125,1884,37,WP,MM,NOT_NAMED,1884-09-19 09:00:00,NR,16.4139,124.106, , , ,main,179,140,__________P___, , , , , , , , ,-5, , , , , , , , , , , , , , , , , , , , , , , , , , , , , , , , , , , , , , , , , , , , , , , , , , , , , , , , , , , , , , , , , , , , , , , , , , , , , , , , , , , , , , , , , , , , , , , , , , , , , , , , , ,16.4139,124.106,4, , , , , , , , , , , , , , , , , , , , , , , , , , , ,8,318
1884263N16125,1884,37,WP,MM,NOT_NAMED,1884-09-19 12:00:00,NR,16.7380,123.810, , , ,main,140,106,__________P___, , , , , , , , ,-5, , , , , , , , , , , , , , , , , , , , , , , , , , , , , , , , , , , , , , , , , , , , , , , , , , , , , , , , , , , , , , , , , , , , , , , , , , , , , , , , , , , , , , , , , , , , , , , , , , , , , , , , , ,16.7380,123.810,4, , , , , , , , , , , , , , , , , , , , , , , , , , , ,9,319
1884263N16125,1884,37,WP,MM,NOT_NAMED,1884-09-19 15:00:00,NR,17.0844,123.502, , , ,main,106,98,__________P___, , , , , , , , ,-5, , , , , , , , , , , , , , , , , , , , , , , , , , , , , , , , , , , , , , , , , , , , , , , , , , , , , , , , , , , , , , , , , , , , , , , , , , , , , , , , , , , , , , , , , , , , , , , , , , , , , , , , , ,17.0844,123.502,4, , , , , , , , , , , , , , , , , , , , , , , , , , , ,9,320
1884263N16125,1884,37,WP,MM,NOT_NAMED,1884-09-19 16:00:00,NR,17.2000,123.400, , , ,main,98,85,__________O___, , , , , , , , ,-5, , , , , , , , , , , , , , , , , , , , , , , , , , , , , , , , , , , , , , , , , , , , , , , , , , , , , , , , , , , , , , , , , , , , , , , , , , , , , , , , , , , , , , , , , , , , , , , , , , , , , , , , , ,17.2000,123.400,4, , , , , , , , , , , , , , , , , , , , , , , , , , , ,9,320
1884263N16125,1884,37,WP,MM,NOT_NAMED,1884-09-19 18:00:00,NR,17.4135,123.211, , , ,main,85,69,__________P___, , , , , , , , ,-5, , , , , , , , , , , , , , , , , , , , , , , , , , , , , , , , , , , , , , , , , , , , , , , , , , , , , , , , , , , , , , , , , , , , , , , , , , , , , , , , , , , , , , , , , , , , , , , , , , , , , , , , , ,17.4135,123.211,4, , , , , , , , , , , , , , , , , , , , , , , , , , , ,8,320
1884263N16125,1884,37,WP,MM,NOT_NAMED,1884-09-19 21:00:00,NR,17.7403,122.928, , , ,main,69,47,__________P___, , , , , , , , ,-5, , , , , , , , , , , , , , , , , , , , , , , , , , , , , , , , , , , , , , , , , , , , , , , , , , , , , , , , , , , , , , , , , , , , , , , , , , , , , , , , , , , , , , , , , , , , , , , , , , , , , , , , , ,17.7403,122.928,4, , , , , , , , , , , , , , , , , , , , , , , , , , , ,8,321
1884263N16125,1884,37,WP,MM,NOT_NAMED,1884-09-20 00:00:00,NR,18.0691,122.651, , , ,main,47,10,__________P___, , , , , , , , ,-5, , , , , , , , , , , , , , , , , , , , , , , , , , , , , , , , , , , , , , , , , , , , , , , , , , , , , , , , , , , , , , , , , , , , , , , , , , , , , , , , , , , , , , , , , , , , , , , , , , , , , , , , , ,18.0691,122.651,4, , , , , , , , , , , , , , , , , , , , , , , , , , , ,8,322
1884263N16125,1884,37,WP,MM,NOT_NAMED,1884-09-20 03:00:00,NR,18.3938,122.385, , , ,main,10,0,__________P___, , , , , , , , ,-5, , , , , , , , , , , , , , , , , , , , , , , , , , , , , , , , , , , , , , , , , , , , , , , , , , , , , , , , , , , , , , , , , , , , , , , , , , , , , , , , , , , , , , , , , , , , , , , , , , , , , , , , , ,18.3938,122.385,4, , , , , , , , , , , , , , , , , , , , , , , , , , , ,8,322
1884263N16125,1884,37,WP,MM,NOT_NAMED,1884-09-20 04:00:00,NR,18.5000,122.300, , , ,main,11,11,__________O___, , , , , , , , ,-5, , , , , , , , , , , , , , , , , , , , , , , , , , , , , , , , , , , , , , , , , , , , , , , , , , , , , , , , , , , , , , , , , , , , , , , , , , , , , , , , , , , , , , , , , , , , , , , , , , , , , , , , , ,18.5000,122.300,4, , , , , , , , , , , , , , , , , , , , , , , , , , , ,8,322
1884263N16125,1884,37,WP,MM,NOT_NAMED,1884-09-20 06:00:00,NR,18.7030,122.128, , , ,main,33,33,__________P___, , , , , , , , ,-5, , , , , , , , , , , , , , , , , , , , , , , , , , , , , , , , , , , , , , , , , , , , , , , , , , , , , , , , , , , , , , , , , , , , , , , , , , , , , , , , , , , , , , , , , , , , , , , , , , , , , , , , , ,18.7030,122.128,4, , , , , , , , , , , , , , , , , , , , , , , , , , , ,8,322
1884263N16125,1884,37,WP,MM,NOT_NAMED,1884-09-20 09:00:00,NR,19.0013,121.882, , , ,main,70,70,__________P___, , , , , , , , ,-5, , , , , , , , , , , , , , , , , , , , , , , , , , , , , , , , , , , , , , , , , , , , , , , , , , , , , , , , , , , , , , , , , , , , , , , , , , , , , , , , , , , , , , , , , , , , , , , , , , , , , , , , , ,19.0013,121.882,4, , , , , , , , , , , , , , , , , , , , , , , , , , , ,7,323
1884263N16125,1884,37,WP,MM,NOT_NAMED,1884-09-20 12:00:00,NR,19.2975,121.657, , , ,main,94,91,__________P___, , , , , , , , ,-5, , , , , , , , , , , , , , , , , , , , , , , , , , , , , , , , , , , , , , , , , , , , , , , , , , , , , , , , , , , , , , , , , , , , , , , , , , , , , , , , , , , , , , , , , , , , , , , , , , , , , , , , , ,19.2975,121.657,4, , , , , , , , , , , , , , , , , , , , , , , , , , , ,7,326
1884263N16125,1884,37,WP,MM,NOT_NAMED,1884-09-20 15:00:00,NR,19.5979,121.459, , , ,main,123,123,__________P___, , , , , , , , ,-5, , , , , , , , , , , , , , , , , , , , , , , , , , , , , , , , , , , , , , , , , , , , , , , , , , , , , , , , , , , , , , , , , , , , , , , , , , , , , , , , , , , , , , , , , , , , , , , , , , , , , , , , , ,19.5979,121.459,4, , , , , , , , , , , , , , , , , , , , , , , , , , , ,7,329
1884263N16125,1884,37,WP,MM,NOT_NAMED,1884-09-20 16:00:00,NR,19.7000,121.400, , , ,main,133,133,__________O___, , , , , , , , ,-5, , , , , , , , , , , , , , , , , , , , , , , , , , , , , , , , , , , , , , , , , , , , , , , , , , , , , , , , , , , , , , , , , , , , , , , , , , , , , , , , , , , , , , , , , , , , , , , , , , , , , , , , , ,19.7000,121.400,4, , , , , , , , , , , , , , , , , , , , , , , , , , , ,6,331
1884263N16125,1884,37,WP,MM,NOT_NAMED,1884-09-20 18:00:00,NR,19.8768,121.296, , , ,main,151,151,__________P___, , , , , , , , ,-5, , , , , , , , , , , , , , , , , , , , , , , , , , , , , , , , , , , , , , , , , , , , , , , , , , , , , , , , , , , , , , , , , , , , , , , , , , , , , , , , , , , , , , , , , , , , , , , , , , , , , , , , , ,19.8768,121.296,4, , , , , , , , , , , , , , , , , , , , , , , , , , , ,6,334
1884263N16125,1884,37,WP,MM,NOT_NAMED,1884-09-20 21:00:00,NR,20.1475,121.165, , , ,main,170,157,__________P___, , , , , , , , ,-5, , , , , , , , , , , , , , , , , , , , , , , , , , , , , , , , , , , , , , , , , , , , , , , , , , , , , , , , , , , , , , , , , , , , , , , , , , , , , , , , , , , , , , , , , , , , , , , , , , , , , , , , , ,20.1475,121.165,4, , , , , , , , , , , , , , , , , , , , , , , , , , , ,6,338
1884263N16125,1884,37,WP,MM,NOT_NAMED,1884-09-21 00:00:00,NR,20.4584,121.052, , , ,main,157,123,__________P___, , , , , , , , ,-5, , , , , , , , , , , , , , , , , , , , , , , , , , , , , , , , , , , , , , , , , , , , , , , , , , , , , , , , , , , , , , , , , , , , , , , , , , , , , , , , , , , , , , , , , , , , , , , , , , , , , , , , , ,20.4584,121.052,4, , , , , , , , , , , , , , , , , , , , , , , , , , , ,7,343
1884263N16125,1884,37,WP,MM,NOT_NAMED,1884-09-21 03:00:00,NR,20.8468,120.940, , , ,main,123,100,__________P___, , , , , , , , ,-5, , , , , , , , , , , , , , , , , , , , , , , , , , , , , , , , , , , , , , , , , , , , , , , , , , , , , , , , , , , , , , , , , , , , , , , , , , , , , , , , , , , , , , , , , , , , , , , , , , , , , , , , , ,20.8468,120.940,4, , , , , , , , , , , , , , , , , , , , , , , , , , , ,8,345
1884263N16125,1884,37,WP,MM,NOT_NAMED,1884-09-21 04:00:00,NR,21.0000,120.900, , , ,main,100,55,__________O___, , , , , , , , ,-5, , , , , , , , , , , , , , , , , , , , , , , , , , , , , , , , , , , , , , , , , , , , , , , , , , , , , , , , , , , , , , , , , , , , , , , , , , , , , , , , , , , , , , , , , , , , , , , , , , , , , , , , , ,21.0000,120.900,4, , , , , , , , , , , , , , , , , , , , , , , , , , , ,11,344
1884263N16125,1884,37,WP,MM,NOT_NAMED,1884-09-21 06:00:00,NR,21.3619,120.783, , , ,main,55,10,__________P___, , , , , , , , ,-5, , , , , , , , , , , , , , , , , , , , , , , , , , , , , , , , , , , , , , , , , , , , , , , , , , , , , , , , , , , , , , , , , , , , , , , , , , , , , , , , , , , , , , , , , , , , , , , , , , , , , , , , , ,21.3619,120.783,4, , , , , , , , , , , , , , , , , , , , , , , , , , , ,12,344
1884263N16125,1884,37,WP,MM,NOT_NAMED,1884-09-21 09:00:00,NR,21.9867,120.600, , , ,main,10,0,__________P___, , , , , , , , ,-5, , , , , , , , , , , , , , , , , , , , , , , , , , , , , , , , , , , , , , , , , , , , , , , , , , , , , , , , , , , , , , , , , , , , , , , , , , , , , , , , , , , , , , , , , , , , , , , , , , , , , , , , , ,21.9867,120.600,4, , , , , , , , , , , , , , , , , , , , , , , , , , , ,14,346
1884263N16125,1884,37,WP,MM,NOT_NAMED,1884-09-21 12:00:00,NR,22.6709,120.436, , , ,main,0,0,__________P___, , , , , , , , ,-5, , , , , , , , , , , , , , , , , , , , , , , , , , , , , , , , , , , , , , , , , , , , , , , , , , , , , , , , , , , , , , , , , , , , , , , , , , , , , , , , , , , , , , , , , , , , , , , , , , , , , , , , , ,22.6709,120.436,4, , , , , , , , , , , , , , , , , , , , , , , , , , , ,14,349
1884263N16125,1884,37,WP,MM,NOT_NAMED,1884-09-21 15:00:00,NR,23.3708,120.322, , , ,main,0,0,__________P___, , , , , , , , ,-5, , , , , , , , , , , , , , , , , , , , , , , , , , , , , , , , , , , , , , , , , , , , , , , , , , , , , , , , , , , , , , , , , , , , , , , , , , , , , , , , , , , , , , , , , , , , , , , , , , , , , , , , , ,23.3708,120.322,4, , , , , , , , , , , , , , , , , , , , , , , , , , , ,14,353
1884263N16125,1884,37,WP,MM,NOT_NAMED,1884-09-21 16:00:00,NR,23.6000,120.300, , , ,main,0,0,__________O___, , , , , , , , ,-5, , , , , , , , , , , , , , , , , , , , , , , , , , , , , , , , , , , , , , , , , , , , , , , , , , , , , , , , , , , , , , , , , , , , , , , , , , , , , , , , , , , , , , , , , , , , , , , , , , , , , , , , , ,23.6000,120.300,4, , , , , , , , , , , , , , , , , , , , , , , , , , , ,13,356
1884263N16125,1884,37,WP,MM,NOT_NAMED,1884-09-21 18:00:00,NR,24.0405,120.282, , , ,main,0,10,__________P___, , , , , , , , ,-5, , , , , , , , , , , , , , , , , , , , , , , , , , , , , , , , , , , , , , , , , , , , , , , , , , , , , , , , , , , , , , , , , , , , , , , , , , , , , , , , , , , , , , , , , , , , , , , , , , , , , , , , , ,24.0405,120.282,4, , , , , , , , , , , , , , , , , , , , , , , , , , , ,13,1
1884263N16125,1884,37,WP,MM,NOT_NAMED,1884-09-21 21:00:00,NR,24.6956,120.313, , , ,main,41,41,__________P___, , , , , , , , ,-5, , , , , , , , , , , , , , , , , , , , , , , , , , , , , , , , , , , , , , , , , , , , , , , , , , , , , , , , , , , , , , , , , , , , , , , , , , , , , , , , , , , , , , , , , , , , , , , , , , , , , , , , , ,24.6956,120.313,4, , , , , , , , , , , , , , , , , , , , , , , , , , , ,13,5
1884263N16125,1884,37,WP,MM,NOT_NAMED,1884-09-22 00:00:00,NR,25.3271,120.403, , , ,main,69,70,__________P___, , , , , , , , ,-5, , , , , , , , , , , , , , , , , , , , , , , , , , , , , , , , , , , , , , , , , , , , , , , , , , , , , , , , , , , , , , , , , , , , , , , , , , , , , , , , , , , , , , , , , , , , , , , , , , , , , , , , , ,25.3271,120.403,4, , , , , , , , , , , , , , , , , , , , , , , , , , , ,12,10
1884263N16125,1884,37,WP,MM,NOT_NAMED,1884-09-22 03:00:00,NR,25.9163,120.544, , , ,main,79,74,__________P___, , , , , , , , ,-5, , , , , , , , , , , , , , , , , , , , , , , , , , , , , , , , , , , , , , , , , , , , , , , , , , , , , , , , , , , , , , , , , , , , , , , , , , , , , , , , , , , , , , , , , , , , , , , , , , , , , , , , , ,25.9163,120.544,4, , , , , , , , , , , , , , , , , , , , , , , , , , , ,12,13
1884263N16125,1884,37,WP,MM,NOT_NAMED,1884-09-22 04:00:00,NR,26.1000,120.600, , , ,main,74,63,__________O___, , , , , , , , ,-5, , , , , , , , , , , , , , , , , , , , , , , , , , , , , , , , , , , , , , , , , , , , , , , , , , , , , , , , , , , , , , , , , , , , , , , , , , , , , , , , , , , , , , , , , , , , , , , , , , , , , , , , , ,26.1000,120.600,4, , , , , , , , , , , , , , , , , , , , , , , , , , , ,11,16
1884263N16125,1884,37,WP,MM,NOT_NAMED,1884-09-22 06:00:00,NR,26.4426,120.716, , , ,main,63,51,__________P___, , , , , , , , ,-5, , , , , , , , , , , , , , , , , , , , , , , , , , , , , , , , , , , , , , , , , , , , , , , , , , , , , , , , , , , , , , , , , , , , , , , , , , , , , , , , , , , , , , , , , , , , , , , , , , , , , , , , , ,26.4426,120.716,4, , , , , , , , , , , , , , , , , , , , , , , , , , , ,10,20
1884263N16125,1884,37,WP,MM,NOT_NAMED,1884-09-22 09:00:00,NR,26.9125,120.927, , , ,main,51,45,__________P___, , , , , , , , ,-5, , , , , , , , , , , , , , , , , , , , , , , , , , , , , , , , , , , , , , , , , , , , , , , , , , , , , , , , , , , , , , , , , , , , , , , , , , , , , , , , , , , , , , , , , , , , , , , , , , , , , , , , , ,26.9125,120.927,4, , , , , , , , , , , , , , , , , , , , , , , , , , , ,10,24
1884263N16125,1884,37,WP,MM,NOT_NAMED,1884-09-22 12:00:00,NR,27.3460,121.167, , , ,main,54,34,__________P___, , , , , , , , ,-5, , , , , , , , , , , , , , , , , , , , , , , , , , , , , , , , , , , , , , , , , , , , , , , , , , , , , , , , , , , , , , , , , , , , , , , , , , , , , , , , , , , , , , , , , , , , , , , , , , , , , , , , , ,27.3460,121.167,4, , , , , , , , , , , , , , , , , , , , , , , , , , , ,10,27
1884263N16125,1884,37,WP,MM,NOT_NAMED,1884-09-22 15:00:00,NR,27.7620,121.418, , , ,main,34,29,__________P___, , , , , , , , ,-5, , , , , , , , , , , , , , , , , , , , , , , , , , , , , , , , , , , , , , , , , , , , , , , , , , , , , , , , , , , , , , , , , , , , , , , , , , , , , , , , , , , , , , , , , , , , , , , , , , , , , , , , , ,27.7620,121.418,4, , , , , , , , , , , , , , , , , , , , , , , , , , , ,9,28
1884263N16125,1884,37,WP,MM,NOT_NAMED,1884-09-22 16:00:00,NR,27.9000,121.500, , , ,main,29,11,__________O___, , , , , , , , ,-5, , , , , , , , , , , , , , , , , , , , , , , , , , , , , , , , , , , , , , , , , , , , , , , , , , , , , , , , , , , , , , , , , , , , , , , , , , , , , , , , , , , , , , , , , , , , , , , , , , , , , , , , , ,27.9000,121.500,4, , , , , , , , , , , , , , , , , , , , , , , , , , , ,9,27
1884263N16125,1884,37,WP,MM,NOT_NAMED,1884-09-22 18:00:00,NR,28.1783,121.660, , , ,main,14,9,__________P___, , , , , , , , ,-5, , , , , , , , , , , , , , , , , , , , , , , , , , , , , , , , , , , , , , , , , , , , , , , , , , , , , , , , , , , , , , , , , , , , , , , , , , , , , , , , , , , , , , , , , , , , , , , , , , , , , , , , , ,28.1783,121.660,4, , , , , , , , , , , , , , , , , , , , , , , , , , , ,9,26
1884263N16125,1884,37,WP,MM,NOT_NAMED,1884-09-22 21:00:00,NR,28.6007,121.890, , , ,main,22,19,__________P___, , , , , , , , ,-5, , , , , , , , , , , , , , , , , , , , , , , , , , , , , , , , , , , , , , , , , , , , , , , , , , , , , , , , , , , , , , , , , , , , , , , , , , , , , , , , , , , , , , , , , , , , , , , , , , , , , , , , , ,28.6007,121.890,4, , , , , , , , , , , , , , , , , , , , , , , , , , , ,9,25
1884263N16125,1884,37,WP,MM,NOT_NAMED,1884-09-23 00:00:00,NR,29.0276,122.111, , , ,main,24,14,__________P___, , , , , , , , ,-5, , , , , , , , , , , , , , , , , , , , , , , , , , , , , , , , , , , , , , , , , , , , , , , , , , , , , , , , , , , , , , , , , , , , , , , , , , , , , , , , , , , , , , , , , , , , , , , , , , , , , , , , , ,29.0276,122.111,4, , , , , , , , , , , , , , , , , , , , , , , , , , , ,9,24
1884263N16125,1884,37,WP,MM,NOT_NAMED,1884-09-23 03:00:00,NR,29.4568,122.328, , , ,main,38,38,__________P___, , , , , , , , ,-5, , , , , , , , , , , , , , , , , , , , , , , , , , , , , , , , , , , , , , , , , , , , , , , , , , , , , , , , , , , , , , , , , , , , , , , , , , , , , , , , , , , , , , , , , , , , , , , , , , , , , , , , , ,29.4568,122.328,4, , , , , , , , , , , , , , , , , , , , , , , , , , , ,9,24
1884263N16125,1884,37,WP,MM,NOT_NAMED,1884-09-23 04:00:00,NR,29.6000,122.400, , , ,main,49, ,__________O___, , , , , , , , ,-5, , , , , , , , , , , , , , , , , , , , , , , , , , , , , , , , , , , , , , , , , , , , , , , , , , , , , , , , , , , , , , , , , , , , , , , , , , , , , , , , , , , , , , , , , , , , , , , , , , , , , , , , , ,29.6000,122.400,7, , , , , , , , , , , , , , , , , , , , , , , , , , , ,9,25
1884318N11126,1884,47,WP,MM,NOT_NAMED,1884-11-12 16:00:00,NR,10.6000,125.600, , , ,main,43,21,__________O___, , , , , , , , ,-5, , , , , , , , , , , , , , , , , , , , , , , , , , , , , , , , , , , , , , , , , , , , , , , , , , , , , , , , , , , , , , , , , , , , , , , , , , , , , , , , , , , , , , , , , , , , , , , , , , , , , , , , , ,10.6000,125.600,4, , , , , , , , , , , , , , , , , , , , , , , , , , , ,7,271
1884318N11126,1884,47,WP,MM,NOT_NAMED,1884-11-12 18:00:00,NR,10.6059,125.354, , , ,main,21,0,__________P___, , , , , , , , ,-5, , , , , , , , , , , , , , , , , , , , , , , , , , , , , , , , , , , , , , , , , , , , , , , , , , , , , , , , , , , , , , , , , , , , , , , , , , , , , , , , , , , , , , , , , , , , , , , , , , , , , , , , , ,10.6059,125.354,4, , , , , , , , , , , , , , , , , , , , , , , , , , , ,8,272
1884318N11126,1884,47,WP,MM,NOT_NAMED,1884-11-12 21:00:00,NR,10.6249,124.952, , , ,main,0,0,__________P___, , , , , , , , ,-5, , , , , , , , , , , , , , , , , , , , , , , , , , , , , , , , , , , , , , , , , , , , , , , , , , , , , , , , , , , , , , , , , , , , , , , , , , , , , , , , , , , , , , , , , , , , , , , , , , , , , , , , , ,10.6249,124.952,4, , , , , , , , , , , , , , , , , , , , , , , , , , , ,9,274
1884318N11126,1884,47,WP,MM,NOT_NAMED,1884-11-13 00:00:00,NR,10.6706,124.466, , , ,main,22,0,__________P___, , , , , , , , ,-5, , , , , , , , , , , , , , , , , , , , , , , , , , , , , , , , , , , , , , , , , , , , , , , , , , , , , , , , , , , , , , , , , , , , , , , , , , , , , , , , , , , , , , , , , , , , , , , , , , , , , , , , , ,10.6706,124.466,4, , , , , , , , , , , , , , , , , , , , , , , , , , , ,11,277
1884318N11126,1884,47,WP,MM,NOT_NAMED,1884-11-13 03:00:00,NR,10.7586,123.846, , , ,main,10,0,__________P___, , , , , , , , ,-5, , , , , , , , , , , , , , , , , , , , , , , , , , , , , , , , , , , , , , , , , , , , , , , , , , , , , , , , , , , , , , , , , , , , , , , , , , , , , , , , , , , , , , , , , , , , , , , , , , , , , , , , , ,10.7586,123.846,4, , , , , , , , , , , , , , , , , , , , , , , , , , , ,13,279
1884318N11126,1884,47,WP,MM,NOT_NAMED,1884-11-13 04:00:00,NR,10.8000,123.600, , , ,main,0,0,__________O___, , , , , , , , ,-5, , , , , , , , , , , , , , , , , , , , , , , , , , , , , , , , , , , , , , , , , , , , , , , , , , , , , , , , , , , , , , , , , , , , , , , , , , , , , , , , , , , , , , , , , , , , , , , , , , , , , , , , , ,10.8000,123.600,4, , , , , , , , , , , , , , , , , , , , , , , , , , , ,16,280
1884318N11126,1884,47,WP,MM,NOT_NAMED,1884-11-13 06:00:00,NR,10.9029,123.045, , , ,main,0,0,__________P___, , , , , , , , ,-5, , , , , , , , , , , , , , , , , , , , , , , , , , , , , , , , , , , , , , , , , , , , , , , , , , , , , , , , , , , , , , , , , , , , , , , , , , , , , , , , , , , , , , , , , , , , , , , , , , , , , , , , , ,10.9029,123.045,4, , , , , , , , , , , , , , , , , , , , , , , , , , , ,18,281
1884318N11126,1884,47,WP,MM,NOT_NAMED,1884-11-13 09:00:00,NR,11.1007,122.086, , , ,main,0,10,__________P___, , , , , , , , ,-5, , , , , , , , , , , , , , , , , , , , , , , , , , , , , , , , , , , , , , , , , , , , , , , , , , , , , , , , , , , , , , , , , , , , , , , , , , , , , , , , , , , , , , , , , , , , , , , , , , , , , , , , , ,11.1007,122.086,4, , , , , , , , , , , , , , , , , , , , , , , , , , , ,20,282
1884318N11126,1884,47,WP,MM,NOT_NAMED,1884-11-13 12:00:00,NR,11.3393,121.034, , , ,main,101,55,__________P___, , , , , , , , ,-5, , , , , , , , , , , , , , , , , , , , , , , , , , , , , , , , , , , , , , , , , , , , , , , , , , , , , , , , , , , , , , , , , , , , , , , , , , , , , , , , , , , , , , , , , , , , , , , , , , , , , , , , , ,11.3393,121.034,4, , , , , , , , , , , , , , , , , , , , , , , , , , , ,22,284
1884318N11126,1884,47,WP,MM,NOT_NAMED,1884-11-13 15:00:00,NR,11.6065,119.954, , , ,main,55,40,__________P___, , , , , , , , ,-5, , , , , , , , , , , , , , , , , , , , , , , , , , , , , , , , , , , , , , , , , , , , , , , , , , , , , , , , , , , , , , , , , , , , , , , , , , , , , , , , , , , , , , , , , , , , , , , , , , , , , , , , , ,11.6065,119.954,4, , , , , , , , , , , , , , , , , , , , , , , , , , , ,22,284
1884318N11126,1884,47,WP,MM,NOT_NAMED,1884-11-13 16:00:00,NR,11.7000,119.600, , , ,main,44,44,__________O___, , , , , , , , ,-5, , , , , , , , , , , , , , , , , , , , , , , , , , , , , , , , , , , , , , , , , , , , , , , , , , , , , , , , , , , , , , , , , , , , , , , , , , , , , , , , , , , , , , , , , , , , , , , , , , , , , , , , , ,11.7000,119.600,4, , , , , , , , , , , , , , , , , , , , , , , , , , , ,21,286
1884318N11126,1884,47,WP,MM,NOT_NAMED,1884-11-13 18:00:00,NR,11.8878,118.921, , , ,main,93,93,__________P___, , , , , , , , ,-5, , , , , , , , , , , , , , , , , , , , , , , , , , , , , , , , , , , , , , , , , , , , , , , , , , , , , , , , , , , , , , , , , , , , , , , , , , , , , , , , , , , , , , , , , , , , , , , , , , , , , , , , , ,11.8878,118.921,4, , , , , , , , , , , , , , , , , , , , , , , , , , , ,21,286
1884318N11126,1884,47,WP,MM,NOT_NAMED,1884-11-13 21:00:00,NR,12.1891,117.908, , , ,main,198,198,__________P___, , , , , , , , ,-5, , , , , , , , , , , , , , , , , , , , , , , , , , , , , , , , , , , , , , , , , , , , , , , , , , , , , , , , , , , , , , , , , , , , , , , , , , , , , , , , , , , , , , , , , , , , , , , , , , , , , , , , , ,12.1891,117.908,4, , , , , , , , , , , , , , , , , , , , , , , , , , , ,20,287
1884318N11126,1884,47,WP,MM,NOT_NAMED,1884-11-14 00:00:00,NR,12.4994,116.924, , , ,main,308,308,__________P___, , , , , , , , ,-5, , , , , , , , , , , , , , , , , , , , , , , , , , , , , , , , , , , , , , , , , , , , , , , , , , , , , , , , , , , , , , , , , , , , , , , , , , , , , , , , , , , , , , , , , , , , , , , , , , , , , , , , , ,12.4994,116.924,4, , , , , , , , , , , , , , , , , , , , , , , , , , , ,20,288
1884318N11126,1884,47,WP,MM,NOT_NAMED,1884-11-14 03:00:00,NR,12.8030,115.994, , , ,main,411,420,__________P___, , , , , , , , ,-5, , , , , , , , , , , , , , , , , , , , , , , , , , , , , , , , , , , , , , , , , , , , , , , , , , , , , , , , , , , , , , , , , , , , , , , , , , , , , , , , , , , , , , , , , , , , , , , , , , , , , , , , , ,12.8030,115.994,4, , , , , , , , , , , , , , , , , , , , , , , , , , , ,19,289
1884318N11126,1884,47,WP,MM,NOT_NAMED,1884-11-14 04:00:00,NR,12.9000,115.700, , , ,main,445,445,__________O___, , , , , , , , ,-5, , , , , , , , , , , , , , , , , , , , , , , , , , , , , , , , , , , , , , , , , , , , , , , , , , , , , , , , , , , , , , , , , , , , , , , , , , , , , , , , , , , , , , , , , , , , , , , , , , , , , , , , , ,12.9000,115.700,4, , , , , , , , , , , , , , , , , , , , , , , , , , , ,17,289
1884318N11126,1884,47,WP,MM,NOT_NAMED,1884-11-14 06:00:00,NR,13.0793,115.153, , , ,main,503,513,__________P___, , , , , , , , ,-5, , , , , , , , , , , , , , , , , , , , , , , , , , , , , , , , , , , , , , , , , , , , , , , , , , , , , , , , , , , , , , , , , , , , , , , , , , , , , , , , , , , , , , , , , , , , , , , , , , , , , , , , , ,13.0793,115.153,4, , , , , , , , , , , , , , , , , , , , , , , , , , , ,16,289
1884318N11126,1884,47,WP,MM,NOT_NAMED,1884-11-14 09:00:00,NR,13.3368,114.391, , , ,main,532,461,__________P___, , , , , , , , ,-5, , , , , , , , , , , , , , , , , , , , , , , , , , , , , , , , , , , , , , , , , , , , , , , , , , , , , , , , , , , , , , , , , , , , , , , , , , , , , , , , , , , , , , , , , , , , , , , , , , , , , , , , , ,13.3368,114.391,4, , , , , , , , , , , , , , , , , , , , , , , , , , , ,15,289
1884318N11126,1884,47,WP,MM,NOT_NAMED,1884-11-14 12:00:00,NR,13.5833,113.666, , , ,main,461,381,__________P___, , , , , , , , ,-5, , , , , , , , , , , , , , , , , , , , , , , , , , , , , , , , , , , , , , , , , , , , , , , , , , , , , , , , , , , , , , , , , , , , , , , , , , , , , , , , , , , , , , , , , , , , , , , , , , , , , , , , , ,13.5833,113.666,4, , , , , , , , , , , , , , , , , , , , , , , , , , , ,15,289
1884318N11126,1884,47,WP,MM,NOT_NAMED,1884-11-14 15:00:00,NR,13.8218,112.945, , , ,main,381,363,__________P___, , , , , , , , ,-5, , , , , , , , , , , , , , , , , , , , , , , , , , , , , , , , , , , , , , , , , , , , , , , , , , , , , , , , , , , , , , , , , , , , , , , , , , , , , , , , , , , , , , , , , , , , , , , , , , , , , , , , , ,13.8218,112.945,4, , , , , , , , , , , , , , , , , , , , , , , , , , , ,15,289
1884318N11126,1884,47,WP,MM,NOT_NAMED,1884-11-14 16:00:00,NR,13.9000,112.700, , , ,main,363,313,__________O___, , , , , , , , ,-5, , , , , , , , , , , , , , , , , , , , , , , , , , , , , , , , , , , , , , , , , , , , , , , , , , , , , , , , , , , , , , , , , , , , , , , , , , , , , , , , , , , , , , , , , , , , , , , , , , , , , , , , , ,13.9000,112.700,4, , , , , , , , , , , , , , , , , , , , , , , , , , , ,15,288
1884318N11126,1884,47,WP,MM,NOT_NAMED,1884-11-14 18:00:00,NR,14.0547,112.196, , , ,main,313,230,__________P___, , , , , , , , ,-5, , , , , , , , , , , , , , , , , , , , , , , , , , , , , , , , , , , , , , , , , , , , , , , , , , , , , , , , , , , , , , , , , , , , , , , , , , , , , , , , , , , , , , , , , , , , , , , , , , , , , , , , , ,14.0547,112.196,4, , , , , , , , , , , , , , , , , , , , , , , , , , , ,16,287
1884318N11126,1884,47,WP,MM,NOT_NAMED,1884-11-14 21:00:00,NR,14.2830,111.412, , , ,main,230,155,__________P___, , , , , , , , ,-5, , , , , , , , , , , , , , , , , , , , , , , , , , , , , , , , , , , , , , , , , , , , , , , , , , , , , , , , , , , , , , , , , , , , , , , , , , , , , , , , , , , , , , , , , , , , , , , , , , , , , , , , , ,14.2830,111.412,4, , , , , , , , , , , , , , , , , , , , , , , , , , , ,16,286
1884318N11126,1884,47,WP,MM,NOT_NAMED,1884-11-15 00:00:00,NR,14.5071,110.602, , , ,main,155,75,__________P___, , , , , , , , ,-5, , , , , , , , , , , , , , , , , , , , , , , , , , , , , , , , , , , , , , , , , , , , , , , , , , , , , , , , , , , , , , , , , , , , , , , , , , , , , , , , , , , , , , , , , , , , , , , , , , , , , , , , , ,14.5071,110.602,4, , , , , , , , , , , , , , , , , , , , , , , , , , , ,16,286
1884318N11126,1884,47,WP,MM,NOT_NAMED,1884-11-15 03:00:00,NR,14.7273,109.777, , , ,main,75,44,__________P___, , , , , , , , ,-5, , , , , , , , , , , , , , , , , , , , , , , , , , , , , , , , , , , , , , , , , , , , , , , , , , , , , , , , , , , , , , , , , , , , , , , , , , , , , , , , , , , , , , , , , , , , , , , , , , , , , , , , , ,14.7273,109.777,4, , , , , , , , , , , , , , , , , , , , , , , , , , , ,17,285
1884318N11126,1884,47,WP,MM,NOT_NAMED,1884-11-15 04:00:00,NR,14.8000,109.500, , , ,main,44, ,__________O___, , , , , , , , ,-5, , , , , , , , , , , , , , , , , , , , , , , , , , , , , , , , , , , , , , , , , , , , , , , , , , , , , , , , , , , , , , , , , , , , , , , , , , , , , , , , , , , , , , , , , , , , , , , , , , , , , , , , , ,14.8000,109.500,4, , , , , , , , , , , , , , , , , , , , , , , , , , , ,17,285
1884322N14126,1884,48,WP,MM,NOT_NAMED,1884-11-17 04:00:00,NR,13.5000,126.000, , , ,main,141,129,__________O___, , , , , , , , ,-5, , , , , , , , , , , , , , , , , , , , , , , , , , , , , , , , , , , , , , , , , , , , , , , , , , , , , , , , , , , , , , , , , , , , , , , , , , , , , , , , , , , , , , , , , , , , , , , , , , , , , , , , , ,13.5000,126.000,7, , , , , , , , , , , , , , , , , , , , , , , , , , , ,13,300
1884322N14126,1884,48,WP,MM,NOT_NAMED,1884-11-17 06:00:00,NR,13.7115,125.619, , , ,main,129,65,__________P___, , , , , , , , ,-5, , , , , , , , , , , , , , , , , , , , , , , , , , , , , , , , , , , , , , , , , , , , , , , , , , , , , , , , , , , , , , , , , , , , , , , , , , , , , , , , , , , , , , , , , , , , , , , , , , , , , , , , , ,13.7115,125.619,7, , , , , , , , , , , , , , , , , , , , , , , , , , , ,13,299
1884322N14126,1884,48,WP,MM,NOT_NAMED,1884-11-17 09:00:00,NR,14.0239,125.045, , , ,main,65,39,__________P___, , , , , , , , ,-5, , , , , , , , , , , , , , , , , , , , , , , , , , , , , , , , , , , , , , , , , , , , , , , , , , , , , , , , , , , , , , , , , , , , , , , , , , , , , , , , , , , , , , , , , , , , , , , , , , , , , , , , , ,14.0239,125.045,7, , , , , , , , , , , , , , , , , , , , , , , , , , , ,13,299
1884322N14126,1884,48,WP,MM,NOT_NAMED,1884-11-17 12:00:00,NR,14.3253,124.470, , , ,main,39,35,__________P___, , , , , , , , ,-5, , , , , , , , , , , , , , , , , , , , , , , , , , , , , , , , , , , , , , , , , , , , , , , , , , , , , , , , , , , , , , , , , , , , , , , , , , , , , , , , , , , , , , , , , , , , , , , , , , , , , , , , , ,14.3253,124.470,7, , , , , , , , , , , , , , , , , , , , , , , , , , , ,13,298
1884322N14126,1884,48,WP,MM,NOT_NAMED,1884-11-17 15:00:00,NR,14.6099,123.893, , , ,main,70,70,__________P___, , , , , , , , ,-5, , , , , , , , , , , , , , , , , , , , , , , , , , , , , , , , , , , , , , , , , , , , , , , , , , , , , , , , , , , , , , , , , , , , , , , , , , , , , , , , , , , , , , , , , , , , , , , , , , , , , , , , , ,14.6099,123.893,7, , , , , , , , , , , , , , , , , , , , , , , , , , , ,13,297
1884322N14126,1884,48,WP,MM,NOT_NAMED,1884-11-17 16:00:00,NR,14.7000,123.700, , , ,main,89,84,__________O___, , , , , , , , ,-5, , , , , , , , , , , , , , , , , , , , , , , , , , , , , , , , , , , , , , , , , , , , , , , , , , , , , , , , , , , , , , , , , , , , , , , , , , , , , , , , , , , , , , , , , , , , , , , , , , , , , , , , , ,14.7000,123.700,7, , , , , , , , , , , , , , , , , , , , , , , , , , , ,12,295
1884322N14126,1884,48,WP,MM,NOT_NAMED,1884-11-17 18:00:00,NR,14.8719,123.315, , , ,main,89,84,__________P___, , , , , , , , ,-5, , , , , , , , , , , , , , , , , , , , , , , , , , , , , , , , , , , , , , , , , , , , , , , , , , , , , , , , , , , , , , , , , , , , , , , , , , , , , , , , , , , , , , , , , , , , , , , , , , , , , , , , , ,14.8719,123.315,7, , , , , , , , , , , , , , , , , , , , , , , , , , , ,12,294
1884322N14126,1884,48,WP,MM,NOT_NAMED,1884-11-17 21:00:00,NR,15.1049,122.750, , , ,main,100,78,__________P___, , , , , , , , ,-5, , , , , , , , , , , , , , , , , , , , , , , , , , , , , , , , , , , , , , , , , , , , , , , , , , , , , , , , , , , , , , , , , , , , , , , , , , , , , , , , , , , , , , , , , , , , , , , , , , , , , , , , , ,15.1049,122.750,7, , , , , , , , , , , , , , , , , , , , , , , , , , , ,11,292
1884322N14126,1884,48,WP,MM,NOT_NAMED,1884-11-18 00:00:00,NR,15.3026,122.218, , , ,main,78,21,__________P___, , , , , , , , ,-5, , , , , , , , , , , , , , , , , , , , , , , , , , , , , , , , , , , , , , , , , , , , , , , , , , , , , , , , , , , , , , , , , , , , , , , , , , , , , , , , , , , , , , , , , , , , , , , , , , , , , , , , , ,15.3026,122.218,7, , , , , , , , , , , , , , , , , , , , , , , , , , , ,10,290
1884322N14126,1884,48,WP,MM,NOT_NAMED,1884-11-18 03:00:00,NR,15.4584,121.742, , , ,main,21,10,__________P___, , , , , , , , ,-5, , , , , , , , , , , , , , , , , , , , , , , , , , , , , , , , , , , , , , , , , , , , , , , , , , , , , , , , , , , , , , , , , , , , , , , , , , , , , , , , , , , , , , , , , , , , , , , , , , , , , , , , , ,15.4584,121.742,7, , , , , , , , , , , , , , , , , , , , , , , , , , , ,9,288
1884322N14126,1884,48,WP,MM,NOT_NAMED,1884-11-18 04:00:00,NR,15.5000,121.600, , , ,main,10,0,__________O___, , , , , , , , ,-5, , , , , , , , , , , , , , , , , , , , , , , , , , , , , , , , , , , , , , , , , , , , , , , , , , , , , , , , , , , , , , , , , , , , , , , , , , , , , , , , , , , , , , , , , , , , , , , , , , , , , , , , , ,15.5000,121.600,3, , , , , , , , , , , , , , , , , , , , , , , , , , , ,8,287
1884322N14126,1884,48,WP,MM,NOT_NAMED,1884-11-18 06:00:00,NR,15.5696,121.359, , , ,main,0,0,__________P___, , , , , , , , ,-5, , , , , , , , , , , , , , , , , , , , , , , , , , , , , , , , , , , , , , , , , , , , , , , , , , , , , , , , , , , , , , , , , , , , , , , , , , , , , , , , , , , , , , , , , , , , , , , , , , , , , , , , , ,15.5696,121.359,3, , , , , , , , , , , , , , , , , , , , , , , , , , , ,7,285
1884322N14126,1884,48,WP,MM,NOT_NAMED,1884-11-18 09:00:00,NR,15.6366,121.054, , , ,main,0,0,__________P___, , , , , , , , ,-5, , , , , , , , , , , , , , , , , , , , , , , , , , , , , , , , , , , , , , , , , , , , , , , , , , , , , , , , , , , , , , , , , , , , , , , , , , , , , , , , , , , , , , , , , , , , , , , , , , , , , , , , , ,15.6366,121.054,3, , , , , , , , , , , , , , , , , , , , , , , , , , , ,6,281
1884322N14126,1884,48,WP,MM,NOT_NAMED,1884-11-18 12:00:00,NR,15.6729,120.782, , , ,main,0,0,__________P___, , , , , , , , ,-5, , , , , , , , , , , , , , , , , , , , , , , , , , , , , , , , , , , , , , , , , , , , , , , , , , , , , , , , , , , , , , , , , , , , , , , , , , , , , , , , , , , , , , , , , , , , , , , , , , , , , , , , , ,15.6729,120.782,3, , , , , , , , , , , , , , , , , , , , , , , , , , , ,5,276
1884322N14126,1884,48,WP,MM,NOT_NAMED,1884-11-18 15:00:00,NR,15.6938,120.502, , , ,main,0,0,__________P___, , , , , , , , ,-5, , , , , , , , , , , , , , , , , , , , , , , , , , , , , , , , , , , , , , , , , , , , , , , , , , , , , , , , , , , , , , , , , , , , , , , , , , , , , , , , , , , , , , , , , , , , , , , , , , , , , , , , , ,15.6938,120.502,3, , , , , , , , , , , , , , , , , , , , , , , , , , , ,6,274
1884322N14126,1884,48,WP,MM,NOT_NAMED,1884-11-18 16:00:00,NR,15.7000,120.400, , , ,main,0,0,__________O___, , , , , , , , ,-5, , , , , , , , , , , , , , , , , , , , , , , , , , , , , , , , , , , , , , , , , , , , , , , , , , , , , , , , , , , , , , , , , , , , , , , , , , , , , , , , , , , , , , , , , , , , , , , , , , , , , , , , , ,15.7000,120.400,4, , , , , , , , , , , , , , , , , , , , , , , , , , , ,7,275
1884322N14126,1884,48,WP,MM,NOT_NAMED,1884-11-18 18:00:00,NR,15.7251,120.146, , , ,main,0,0,__________P___, , , , , , , , ,-5, , , , , , , , , , , , , , , , , , , , , , , , , , , , , , , , , , , , , , , , , , , , , , , , , , , , , , , , , , , , , , , , , , , , , , , , , , , , , , , , , , , , , , , , , , , , , , , , , , , , , , , , , ,15.7251,120.146,4, , , , , , , , , , , , , , , , , , , , , , , , , , , ,8,275
1884322N14126,1884,48,WP,MM,NOT_NAMED,1884-11-18 21:00:00,NR,15.7565,119.739, , , ,main,15,15,__________P___, , , , , , , , ,-5, , , , , , , , , , , , , , , , , , , , , , , , , , , , , , , , , , , , , , , , , , , , , , , , , , , , , , , , , , , , , , , , , , , , , , , , , , , , , , , , , , , , , , , , , , , , , , , , , , , , , , , , , ,15.7565,119.739,4, , , , , , , , , , , , , , , , , , , , , , , , , , , ,8,274
1884322N14126,1884,48,WP,MM,NOT_NAMED,1884-11-19 00:00:00,NR,15.7803,119.323, , , ,main,48,48,__________P___, , , , , , , , ,-5, , , , , , , , , , , , , , , , , , , , , , , , , , , , , , , , , , , , , , , , , , , , , , , , , , , , , , , , , , , , , , , , , , , , , , , , , , , , , , , , , , , , , , , , , , , , , , , , , , , , , , , , , ,15.7803,119.323,4, , , , , , , , , , , , , , , , , , , , , , , , , , , ,8,273
1884322N14126,1884,48,WP,MM,NOT_NAMED,1884-11-19 03:00:00,NR,15.7963,118.925, , , ,main,88,88,__________P___, , , , , , , , ,-5, , , , , , , , , , , , , , , , , , , , , , , , , , , , , , , , , , , , , , , , , , , , , , , , , , , , , , , , , , , , , , , , , , , , , , , , , , , , , , , , , , , , , , , , , , , , , , , , , , , , , , , , , ,15.7963,118.925,4, , , , , , , , , , , , , , , , , , , , , , , , , , , ,8,272
1884322N14126,1884,48,WP,MM,NOT_NAMED,1884-11-19 04:00:00,NR,15.8000,118.800, , , ,main,98,98,__________O___, , , , , , , , ,-5, , , , , , , , , , , , , , , , , , , , , , , , , , , , , , , , , , , , , , , , , , , , , , , , , , , , , , , , , , , , , , , , , , , , , , , , , , , , , , , , , , , , , , , , , , , , , , , , , , , , , , , , , ,15.8000,118.800,4, , , , , , , , , , , , , , , , , , , , , , , , , , , ,7,272
1884322N14126,1884,48,WP,MM,NOT_NAMED,1884-11-19 06:00:00,NR,15.8106,118.582, , , ,main,119,119,__________P___, , , , , , , , ,-5, , , , , , , , , , , , , , , , , , , , , , , , , , , , , , , , , , , , , , , , , , , , , , , , , , , , , , , , , , , , , , , , , , , , , , , , , , , , , , , , , , , , , , , , , , , , , , , , , , , , , , , , , ,15.8106,118.582,4, , , , , , , , , , , , , , , , , , , , , , , , , , , ,6,272
1884322N14126,1884,48,WP,MM,NOT_NAMED,1884-11-19 09:00:00,NR,15.8206,118.281, , , ,main,151,151,__________P___, , , , , , , , ,-5, , , , , , , , , , , , , , , , , , , , , , , , , , , , , , , , , , , , , , , , , , , , , , , , , , , , , , , , , , , , , , , , , , , , , , , , , , , , , , , , , , , , , , , , , , , , , , , , , , , , , , , , , ,15.8206,118.281,4, , , , , , , , , , , , , , , , , , , , , , , , , , , ,6,271
1884322N14126,1884,48,WP,MM,NOT_NAMED,1884-11-19 12:00:00,NR,15.8207,117.994, , , ,main,183,183,__________P___, , , , , , , , ,-5, , , , , , , , , , , , , , , , , , , , , , , , , , , , , , , , , , , , , , , , , , , , , , , , , , , , , , , , , , , , , , , , , , , , , , , , , , , , , , , , , , , , , , , , , , , , , , , , , , , , , , , , , ,15.8207,117.994,4, , , , , , , , , , , , , , , , , , , , , , , , , , , ,6,269
1884322N14126,1884,48,WP,MM,NOT_NAMED,1884-11-19 15:00:00,NR,15.8078,117.702, , , ,main,215,215,__________P___, , , , , , , , ,-5, , , , , , , , , , , , , , , , , , , , , , , , , , , , , , , , , , , , , , , , , , , , , , , , , , , , , , , , , , , , , , , , , , , , , , , , , , , , , , , , , , , , , , , , , , , , , , , , , , , , , , , , , ,15.8078,117.702,4, , , , , , , , , , , , , , , , , , , , , , , , , , , ,6,267
1884322N14126,1884,48,WP,MM,NOT_NAMED,1884-11-19 16:00:00,NR,15.8000,117.600, , , ,main,225,225,__________O___, , , , , , , , ,-5, , , , , , , , , , , , , , , , , , , , , , , , , , , , , , , , , , , , , , , , , , , , , , , , , , , , , , , , , , , , , , , , , , , , , , , , , , , , , , , , , , , , , , , , , , , , , , , , , , , , , , , , , ,15.8000,117.600,4, , , , , , , , , , , , , , , , , , , , , , , , , , , ,6,266
1884322N14126,1884,48,WP,MM,NOT_NAMED,1884-11-19 18:00:00,NR,15.7834,117.368, , , ,main,247,257,__________P___, , , , , , , , ,-5, , , , , , , , , , , , , , , , , , , , , , , , , , , , , , , , , , , , , , , , , , , , , , , , , , , , , , , , , , , , , , , , , , , , , , , , , , , , , , , , , , , , , , , , , , , , , , , , , , , , , , , , , ,15.7834,117.368,4, , , , , , , , , , , , , , , , , , , , , , , , , , , ,7,265
1884322N14126,1884,48,WP,MM,NOT_NAMED,1884-11-19 21:00:00,NR,15.7460,117.006, , , ,main,290,290,__________P___, , , , , , , , ,-5, , , , , , , , , , , , , , , , , , , , , , , , , , , , , , , , , , , , , , , , , , , , , , , , , , , , , , , , , , , , , , , , , , , , , , , , , , , , , , , , , , , , , , , , , , , , , , , , , , , , , , , , , ,15.7460,117.006,4, , , , , , , , , , , , , , , , , , , , , , , , , , , ,7,263
1884322N14126,1884,48,WP,MM,NOT_NAMED,1884-11-20 00:00:00,NR,15.6935,116.646, , , ,main,333,333,__________P___, , , , , , , , ,-5, , , , , , , , , , , , , , , , , , , , , , , , , , , , , , , , , , , , , , , , , , , , , , , , , , , , , , , , , , , , , , , , , , , , , , , , , , , , , , , , , , , , , , , , , , , , , , , , , , , , , , , , , ,15.6935,116.646,4, , , , , , , , , , , , , , , , , , , , , , , , , , , ,7,260
1884322N14126,1884,48,WP,MM,NOT_NAMED,1884-11-20 03:00:00,NR,15.6259,116.306, , , ,main,366,366,__________P___, , , , , , , , ,-5, , , , , , , , , , , , , , , , , , , , , , , , , , , , , , , , , , , , , , , , , , , , , , , , , , , , , , , , , , , , , , , , , , , , , , , , , , , , , , , , , , , , , , , , , , , , , , , , , , , , , , , , , ,15.6259,116.306,4, , , , , , , , , , , , , , , , , , , , , , , , , , , ,7,258
1884322N14126,1884,48,WP,MM,NOT_NAMED,1884-11-20 04:00:00,NR,15.6000,116.200, , , ,main,377,377,__________O___, , , , , , , , ,-5, , , , , , , , , , , , , , , , , , , , , , , , , , , , , , , , , , , , , , , , , , , , , , , , , , , , , , , , , , , , , , , , , , , , , , , , , , , , , , , , , , , , , , , , , , , , , , , , , , , , , , , , , ,15.6000,116.200,4, , , , , , , , , , , , , , , , , , , , , , , , , , , ,6,255
1884322N14126,1884,48,WP,MM,NOT_NAMED,1884-11-20 06:00:00,NR,15.5498,116.013, , , ,main,400,400,__________P___, , , , , , , , ,-5, , , , , , , , , , , , , , , , , , , , , , , , , , , , , , , , , , , , , , , , , , , , , , , , , , , , , , , , , , , , , , , , , , , , , , , , , , , , , , , , , , , , , , , , , , , , , , , , , , , , , , , , , ,15.5498,116.013,4, , , , , , , , , , , , , , , , , , , , , , , , , , , ,5,252
1884322N14126,1884,48,WP,MM,NOT_NAMED,1884-11-20 09:00:00,NR,15.4621,115.758, , , ,main,421,431,__________P___, , , , , , , , ,-5, , , , , , , , , , , , , , , , , , , , , , , , , , , , , , , , , , , , , , , , , , , , , , , , , , , , , , , , , , , , , , , , , , , , , , , , , , , , , , , , , , , , , , , , , , , , , , , , , , , , , , , , , ,15.4621,115.758,4, , , , , , , , , , , , , , , , , , , , , , , , , , , ,5,248
1884322N14126,1884,48,WP,MM,NOT_NAMED,1884-11-20 12:00:00,NR,15.3597,115.520, , , ,main,454,454,__________P___, , , , , , , , ,-5, , , , , , , , , , , , , , , , , , , , , , , , , , , , , , , , , , , , , , , , , , , , , , , , , , , , , , , , , , , , , , , , , , , , , , , , , , , , , , , , , , , , , , , , , , , , , , , , , , , , , , , , , ,15.3597,115.520,4, , , , , , , , , , , , , , , , , , , , , , , , , , , ,5,244
1884322N14126,1884,48,WP,MM,NOT_NAMED,1884-11-20 15:00:00,NR,15.2424,115.282, , , ,main,479,479,__________P___, , , , , , , , ,-5, , , , , , , , , , , , , , , , , , , , , , , , , , , , , , , , , , , , , , , , , , , , , , , , , , , , , , , , , , , , , , , , , , , , , , , , , , , , , , , , , , , , , , , , , , , , , , , , , , , , , , , , , ,15.2424,115.282,4, , , , , , , , , , , , , , , , , , , , , , , , , , , ,5,243
1884322N14126,1884,48,WP,MM,NOT_NAMED,1884-11-20 16:00:00,NR,15.2000,115.200, , , ,main,490,490,__________O___, , , , , , , , ,-5, , , , , , , , , , , , , , , , , , , , , , , , , , , , , , , , , , , , , , , , , , , , , , , , , , , , , , , , , , , , , , , , , , , , , , , , , , , , , , , , , , , , , , , , , , , , , , , , , , , , , , , , , ,15.2000,115.200,4, , , , , , , , , , , , , , , , , , , , , , , , , , , ,6,244
1884322N14126,1884,48,WP,MM,NOT_NAMED,1884-11-20 18:00:00,NR,15.1167,115.012, , , ,main,513,513,__________P___, , , , , , , , ,-5, , , , , , , , , , , , , , , , , , , , , , , , , , , , , , , , , , , , , , , , , , , , , , , , , , , , , , , , , , , , , , , , , , , , , , , , , , , , , , , , , , , , , , , , , , , , , , , , , , , , , , , , , ,15.1167,115.012,4, , , , , , , , , , , , , , , , , , , , , , , , , , , ,6,244
1884322N14126,1884,48,WP,MM,NOT_NAMED,1884-11-20 21:00:00,NR,14.9793,114.723, , , ,main,547,547,__________P___, , , , , , , , ,-5, , , , , , , , , , , , , , , , , , , , , , , , , , , , , , , , , , , , , , , , , , , , , , , , , , , , , , , , , , , , , , , , , , , , , , , , , , , , , , , , , , , , , , , , , , , , , , , , , , , , , , , , , ,14.9793,114.723,4, , , , , , , , , , , , , , , , , , , , , , , , , , , ,6,242
1884322N14126,1884,48,WP,MM,NOT_NAMED,1884-11-21 00:00:00,NR,14.8268,114.440, , , ,main,558,535,__________P___, , , , , , , , ,-5, , , , , , , , , , , , , , , , , , , , , , , , , , , , , , , , , , , , , , , , , , , , , , , , , , , , , , , , , , , , , , , , , , , , , , , , , , , , , , , , , , , , , , , , , , , , , , , , , , , , , , , , , ,14.8268,114.440,4, , , , , , , , , , , , , , , , , , , , , , , , , , , ,6,239
1884322N14126,1884,48,WP,MM,NOT_NAMED,1884-11-21 03:00:00,NR,14.6592,114.179, , , ,main,535,523,__________P___, , , , , , , , ,-5, , , , , , , , , , , , , , , , , , , , , , , , , , , , , , , , , , , , , , , , , , , , , , , , , , , , , , , , , , , , , , , , , , , , , , , , , , , , , , , , , , , , , , , , , , , , , , , , , , , , , , , , , ,14.6592,114.179,4, , , , , , , , , , , , , , , , , , , , , , , , , , , ,6,235
1884322N14126,1884,48,WP,MM,NOT_NAMED,1884-11-21 04:00:00,NR,14.6000,114.100, , , ,main,523,511,__________O___, , , , , , , , ,-5, , , , , , , , , , , , , , , , , , , , , , , , , , , , , , , , , , , , , , , , , , , , , , , , , , , , , , , , , , , , , , , , , , , , , , , , , , , , , , , , , , , , , , , , , , , , , , , , , , , , , , , , , ,14.6000,114.100,4, , , , , , , , , , , , , , , , , , , , , , , , , , , ,6,229
1884322N14126,1884,48,WP,MM,NOT_NAMED,1884-11-21 06:00:00,NR,14.4779,113.963, , , ,main,511,487,__________P___, , , , , , , , ,-5, , , , , , , , , , , , , , , , , , , , , , , , , , , , , , , , , , , , , , , , , , , , , , , , , , , , , , , , , , , , , , , , , , , , , , , , , , , , , , , , , , , , , , , , , , , , , , , , , , , , , , , , , ,14.4779,113.963,4, , , , , , , , , , , , , , , , , , , , , , , , , , , ,5,224
1884322N14126,1884,48,WP,MM,NOT_NAMED,1884-11-21 09:00:00,NR,14.2824,113.783, , , ,main,487,463,__________P___, , , , , , , , ,-5, , , , , , , , , , , , , , , , , , , , , , , , , , , , , , , , , , , , , , , , , , , , , , , , , , , , , , , , , , , , , , , , , , , , , , , , , , , , , , , , , , , , , , , , , , , , , , , , , , , , , , , , , ,14.2824,113.783,4, , , , , , , , , , , , , , , , , , , , , , , , , , , ,5,220
1884322N14126,1884,48,WP,MM,NOT_NAMED,1884-11-21 12:00:00,NR,14.0773,113.620, , , ,main,463,447,__________P___, , , , , , , , ,-5, , , , , , , , , , , , , , , , , , , , , , , , , , , , , , , , , , , , , , , , , , , , , , , , , , , , , , , , , , , , , , , , , , , , , , , , , , , , , , , , , , , , , , , , , , , , , , , , , , , , , , , , , ,14.0773,113.620,4, , , , , , , , , , , , , , , , , , , , , , , , , , , ,5,217
1884322N14126,1884,48,WP,MM,NOT_NAMED,1884-11-21 15:00:00,NR,13.8691,113.457, , , ,main,447,434,__________P___, , , , , , , , ,-5, , , , , , , , , , , , , , , , , , , , , , , , , , , , , , , , , , , , , , , , , , , , , , , , , , , , , , , , , , , , , , , , , , , , , , , , , , , , , , , , , , , , , , , , , , , , , , , , , , , , , , , , , ,13.8691,113.457,4, , , , , , , , , , , , , , , , , , , , , , , , , , , ,5,217
1884322N14126,1884,48,WP,MM,NOT_NAMED,1884-11-21 16:00:00,NR,13.8000,113.400, , , ,main,434,421,__________O___, , , , , , , , ,-5, , , , , , , , , , , , , , , , , , , , , , , , , , , , , , , , , , , , , , , , , , , , , , , , , , , , , , , , , , , , , , , , , , , , , , , , , , , , , , , , , , , , , , , , , , , , , , , , , , , , , , , , , ,13.8000,113.400,4, , , , , , , , , , , , , , , , , , , , , , , , , , , ,6,222
1884322N14126,1884,48,WP,MM,NOT_NAMED,1884-11-21 18:00:00,NR,13.6667,113.265, , , ,main,421,395,__________P___, , , , , , , , ,-5, , , , , , , , , , , , , , , , , , , , , , , , , , , , , , , , , , , , , , , , , , , , , , , , , , , , , , , , , , , , , , , , , , , , , , , , , , , , , , , , , , , , , , , , , , , , , , , , , , , , , , , , , ,13.6667,113.265,4, , , , , , , , , , , , , , , , , , , , , , , , , , , ,6,225
1884322N14126,1884,48,WP,MM,NOT_NAMED,1884-11-21 21:00:00,NR,13.4667,113.055, , , ,main,395,360,__________P___, , , , , , , , ,-5, , , , , , , , , , , , , , , , , , , , , , , , , , , , , , , , , , , , , , , , , , , , , , , , , , , , , , , , , , , , , , , , , , , , , , , , , , , , , , , , , , , , , , , , , , , , , , , , , , , , , , , , , ,13.4667,113.055,4, , , , , , , , , , , , , , , , , , , , , , , , , , , ,6,225
1884322N14126,1884,48,WP,MM,NOT_NAMED,1884-11-22 00:00:00,NR,13.2667,112.848, , , ,main,360,347,__________P___, , , , , , , , ,-5, , , , , , , , , , , , , , , , , , , , , , , , , , , , , , , , , , , , , , , , , , , , , , , , , , , , , , , , , , , , , , , , , , , , , , , , , , , , , , , , , , , , , , , , , , , , , , , , , , , , , , , , , ,13.2667,112.848,4, , , , , , , , , , , , , , , , , , , , , , , , , , , ,6,224
1884322N14126,1884,48,WP,MM,NOT_NAMED,1884-11-22 03:00:00,NR,13.0667,112.658, , , ,main,347,336,__________P___, , , , , , , , ,-5, , , , , , , , , , , , , , , , , , , , , , , , , , , , , , , , , , , , , , , , , , , , , , , , , , , , , , , , , , , , , , , , , , , , , , , , , , , , , , , , , , , , , , , , , , , , , , , , , , , , , , , , , ,13.0667,112.658,4, , , , , , , , , , , , , , , , , , , , , , , , , , , ,5,222
1884322N14126,1884,48,WP,MM,NOT_NAMED,1884-11-22 04:00:00,NR,13.0000,112.600, , , ,main,336,325,__________O___, , , , , , , , ,-5, , , , , , , , , , , , , , , , , , , , , , , , , , , , , , , , , , , , , , , , , , , , , , , , , , , , , , , , , , , , , , , , , , , , , , , , , , , , , , , , , , , , , , , , , , , , , , , , , , , , , , , , , ,13.0000,112.600,4, , , , , , , , , , , , , , , , , , , , , , , , , , , ,5,218
1884322N14126,1884,48,WP,MM,NOT_NAMED,1884-11-22 06:00:00,NR,12.8745,112.505, , , ,main,325,314,__________P___, , , , , , , , ,-5, , , , , , , , , , , , , , , , , , , , , , , , , , , , , , , , , , , , , , , , , , , , , , , , , , , , , , , , , , , , , , , , , , , , , , , , , , , , , , , , , , , , , , , , , , , , , , , , , , , , , , , , , ,12.8745,112.505,4, , , , , , , , , , , , , , , , , , , , , , , , , , , ,5,214
1884322N14126,1884,48,WP,MM,NOT_NAMED,1884-11-22 09:00:00,NR,12.6864,112.381, , , ,main,315,304,__________P___, , , , , , , , ,-5, , , , , , , , , , , , , , , , , , , , , , , , , , , , , , , , , , , , , , , , , , , , , , , , , , , , , , , , , , , , , , , , , , , , , , , , , , , , , , , , , , , , , , , , , , , , , , , , , , , , , , , , , ,12.6864,112.381,4, , , , , , , , , , , , , , , , , , , , , , , , , , , ,5,211
1884322N14126,1884,48,WP,MM,NOT_NAMED,1884-11-22 12:00:00,NR,12.4902,112.266, , , ,main,304,284,__________P___, , , , , , , , ,-5, , , , , , , , , , , , , , , , , , , , , , , , , , , , , , , , , , , , , , , , , , , , , , , , , , , , , , , , , , , , , , , , , , , , , , , , , , , , , , , , , , , , , , , , , , , , , , , , , , , , , , , , , ,12.4902,112.266,4, , , , , , , , , , , , , , , , , , , , , , , , , , , ,5,209
1884322N14126,1884,48,WP,MM,NOT_NAMED,1884-11-22 15:00:00,NR,12.2767,112.145, , , ,main,284,284,__________P___, , , , , , , , ,-5, , , , , , , , , , , , , , , , , , , , , , , , , , , , , , , , , , , , , , , , , , , , , , , , , , , , , , , , , , , , , , , , , , , , , , , , , , , , , , , , , , , , , , , , , , , , , , , , , , , , , , , , , ,12.2767,112.145,4, , , , , , , , , , , , , , , , , , , , , , , , , , , ,5,209
1884322N14126,1884,48,WP,MM,NOT_NAMED,1884-11-22 16:00:00,NR,12.2000,112.100, , , ,main,286,277,__________O___, , , , , , , , ,-5, , , , , , , , , , , , , , , , , , , , , , , , , , , , , , , , , , , , , , , , , , , , , , , , , , , , , , , , , , , , , , , , , , , , , , , , , , , , , , , , , , , , , , , , , , , , , , , , , , , , , , , , , ,12.2000,112.100,4, , , , , , , , , , , , , , , , , , , , , , , , , , , ,6,210
1884322N14126,1884,48,WP,MM,NOT_NAMED,1884-11-22 18:00:00,NR,12.0371,112.002, , , ,main,279,265,__________P___, , , , , , , , ,-5, , , , , , , , , , , , , , , , , , , , , , , , , , , , , , , , , , , , , , , , , , , , , , , , , , , , , , , , , , , , , , , , , , , , , , , , , , , , , , , , , , , , , , , , , , , , , , , , , , , , , , , , , ,12.0371,112.002,4, , , , , , , , , , , , , , , , , , , , , , , , , , , ,6,211
1884322N14126,1884,48,WP,MM,NOT_NAMED,1884-11-22 21:00:00,NR,11.7726,111.836, , , ,main,265,263,__________P___, , , , , , , , ,-5, , , , , , , , , , , , , , , , , , , , , , , , , , , , , , , , , , , , , , , , , , , , , , , , , , , , , , , , , , , , , , , , , , , , , , , , , , , , , , , , , , , , , , , , , , , , , , , , , , , , , , , , , ,11.7726,111.836,4, , , , , , , , , , , , , , , , , , , , , , , , , , , ,6,212
1884322N14126,1884,48,WP,MM,NOT_NAMED,1884-11-23 00:00:00,NR,11.4905,111.655, , , ,main,265,249,__________P___, , , , , , , , ,-5, , , , , , , , , , , , , , , , , , , , , , , , , , , , , , , , , , , , , , , , , , , , , , , , , , , , , , , , , , , , , , , , , , , , , , , , , , , , , , , , , , , , , , , , , , , , , , , , , , , , , , , , , ,11.4905,111.655,4, , , , , , , , , , , , , , , , , , , , , , , , , , , ,7,212
1884322N14126,1884,48,WP,MM,NOT_NAMED,1884-11-23 03:00:00,NR,11.1983,111.464, , , ,main,252,241,__________P___, , , , , , , , ,-5, , , , , , , , , , , , , , , , , , , , , , , , , , , , , , , , , , , , , , , , , , , , , , , , , , , , , , , , , , , , , , , , , , , , , , , , , , , , , , , , , , , , , , , , , , , , , , , , , , , , , , , , , ,11.1983,111.464,4, , , , , , , , , , , , , , , , , , , , , , , , , , , ,7,213
1884322N14126,1884,48,WP,MM,NOT_NAMED,1884-11-23 04:00:00,NR,11.1000,111.400, , , ,main,245, ,__________O___, , , , , , , , ,-5, , , , , , , , , , , , , , , , , , , , , , , , , , , , , , , , , , , , , , , , , , , , , , , , , , , , , , , , , , , , , , , , , , , , , , , , , , , , , , , , , , , , , , , , , , , , , , , , , , , , , , , , , ,11.1000,111.400,4, , , , , , , , , , , , , , , , , , , , , , , , , , , ,7,214
1884343N14124,1884,50,WP,MM,NOT_NAMED,1884-12-07 16:00:00,NR,14.1000,124.300, , , ,main,11,11,__________O___, , , , , , , , ,-5, , , , , , , , , , , , , , , , , , , , , , , , , , , , , , , , , , , , , , , , , , , , , , , , , , , , , , , , , , , , , , , , , , , , , , , , , , , , , , , , , , , , , , , , , , , , , , , , , , , , , , , , , ,14.1000,124.300,7, , , , , , , , , , , , , , , , , , , , , , , , , , , ,1,269
1884343N14124,1884,50,WP,MM,NOT_NAMED,1884-12-07 18:00:00,NR,14.0995,124.251, , , ,main,11,11,__________P___, , , , , , , , ,-5, , , , , , , , , , , , , , , , , , , , , , , , , , , , , , , , , , , , , , , , , , , , , , , , , , , , , , , , , , , , , , , , , , , , , , , , , , , , , , , , , , , , , , , , , , , , , , , , , , , , , , , , , ,14.0995,124.251,7, , , , , , , , , , , , , , , , , , , , , , , , , , , ,2,267
1884343N14124,1884,50,WP,MM,NOT_NAMED,1884-12-07 21:00:00,NR,14.0926,124.165, , , ,main,11,11,__________P___, , , , , , , , ,-5, , , , , , , , , , , , , , , , , , , , , , , , , , , , , , , , , , , , , , , , , , , , , , , , , , , , , , , , , , , , , , , , , , , , , , , , , , , , , , , , , , , , , , , , , , , , , , , , , , , , , , , , , ,14.0926,124.165,7, , , , , , , , , , , , , , , , , , , , , , , , , , , ,2,262
1884343N14124,1884,50,WP,MM,NOT_NAMED,1884-12-08 00:00:00,NR,14.0702,124.046, , , ,main,15,10,__________P___, , , , , , , , ,-5, , , , , , , , , , , , , , , , , , , , , , , , , , , , , , , , , , , , , , , , , , , , , , , , , , , , , , , , , , , , , , , , , , , , , , , , , , , , , , , , , , , , , , , , , , , , , , , , , , , , , , , , , ,14.0702,124.046,7, , , , , , , , , , , , , , , , , , , , , , , , , , , ,3,256
1884343N14124,1884,50,WP,MM,NOT_NAMED,1884-12-08 03:00:00,NR,14.0229,123.873, , , ,main,21,15,__________P___, , , , , , , , ,-5, , , , , , , , , , , , , , , , , , , , , , , , , , , , , , , , , , , , , , , , , , , , , , , , , , , , , , , , , , , , , , , , , , , , , , , , , , , , , , , , , , , , , , , , , , , , , , , , , , , , , , , , , ,14.0229,123.873,7, , , , , , , , , , , , , , , , , , , , , , , , , , , ,4,253
1884343N14124,1884,50,WP,MM,NOT_NAMED,1884-12-08 04:00:00,NR,14.0000,123.800, , , ,main,15,0,__________O___, , , , , , , , ,-5, , , , , , , , , , , , , , , , , , , , , , , , , , , , , , , , , , , , , , , , , , , , , , , , , , , , , , , , , , , , , , , , , , , , , , , , , , , , , , , , , , , , , , , , , , , , , , , , , , , , , , , , , ,14.0000,123.800,7, , , , , , , , , , , , , , , , , , , , , , , , , , , ,5,251
1884343N14124,1884,50,WP,MM,NOT_NAMED,1884-12-08 06:00:00,NR,13.9422,123.629, , , ,main,0,0,__________P___, , , , , , , , ,-5, , , , , , , , , , , , , , , , , , , , , , , , , , , , , , , , , , , , , , , , , , , , , , , , , , , , , , , , , , , , , , , , , , , , , , , , , , , , , , , , , , , , , , , , , , , , , , , , , , , , , , , , , ,13.9422,123.629,7, , , , , , , , , , , , , , , , , , , , , , , , , , , ,6,250
1884343N14124,1884,50,WP,MM,NOT_NAMED,1884-12-08 09:00:00,NR,13.8303,123.322, , , ,main,0,0,__________P___, , , , , , , , ,-5, , , , , , , , , , , , , , , , , , , , , , , , , , , , , , , , , , , , , , , , , , , , , , , , , , , , , , , , , , , , , , , , , , , , , , , , , , , , , , , , , , , , , , , , , , , , , , , , , , , , , , , , , ,13.8303,123.322,7, , , , , , , , , , , , , , , , , , , , , , , , , , , ,7,249
1884343N14124,1884,50,WP,MM,NOT_NAMED,1884-12-08 12:00:00,NR,13.6964,122.977, , , ,main,0,0,__________P___, , , , , , , , ,-5, , , , , , , , , , , , , , , , , , , , , , , , , , , , , , , , , , , , , , , , , , , , , , , , , , , , , , , , , , , , , , , , , , , , , , , , , , , , , , , , , , , , , , , , , , , , , , , , , , , , , , , , , ,13.6964,122.977,7, , , , , , , , , , , , , , , , , , , , , , , , , , , ,7,248
1884343N14124,1884,50,WP,MM,NOT_NAMED,1884-12-08 15:00:00,NR,13.5500,122.618, , , ,main,0,0,__________P___, , , , , , , , ,-5, , , , , , , , , , , , , , , , , , , , , , , , , , , , , , , , , , , , , , , , , , , , , , , , , , , , , , , , , , , , , , , , , , , , , , , , , , , , , , , , , , , , , , , , , , , , , , , , , , , , , , , , , ,13.5500,122.618,7, , , , , , , , , , , , , , , , , , , , , , , , , , , ,8,247
1884343N14124,1884,50,WP,MM,NOT_NAMED,1884-12-08 16:00:00,NR,13.5000,122.500, , , ,main,0,0,__________O___, , , , , , , , ,-5, , , , , , , , , , , , , , , , , , , , , , , , , , , , , , , , , , , , , , , , , , , , , , , , , , , , , , , , , , , , , , , , , , , , , , , , , , , , , , , , , , , , , , , , , , , , , , , , , , , , , , , , , ,13.5000,122.500,7, , , , , , , , , , , , , , , , , , , , , , , , , , , ,7,246
1884343N14124,1884,50,WP,MM,NOT_NAMED,1884-12-08 18:00:00,NR,13.4056,122.283, , , ,main,15,15,__________P___, , , , , , , , ,-5, , , , , , , , , , , , , , , , , , , , , , , , , , , , , , , , , , , , , , , , , , , , , , , , , , , , , , , , , , , , , , , , , , , , , , , , , , , , , , , , , , , , , , , , , , , , , , , , , , , , , , , , , ,13.4056,122.283,7, , , , , , , , , , , , , , , , , , , , , , , , , , , ,7,245
1884343N14124,1884,50,WP,MM,NOT_NAMED,1884-12-08 21:00:00,NR,13.2578,121.958, , , ,main,46,15,__________P___, , , , , , , , ,-5, , , , , , , , , , , , , , , , , , , , , , , , , , , , , , , , , , , , , , , , , , , , , , , , , , , , , , , , , , , , , , , , , , , , , , , , , , , , , , , , , , , , , , , , , , , , , , , , , , , , , , , , , ,13.2578,121.958,7, , , , , , , , , , , , , , , , , , , , , , , , , , , ,7,245
1884343N14124,1884,50,WP,MM,NOT_NAMED,1884-12-09 00:00:00,NR,13.1053,121.633, , , ,main,15,0,__________P___, , , , , , , , ,-5, , , , , , , , , , , , , , , , , , , , , , , , , , , , , , , , , , , , , , , , , , , , , , , , , , , , , , , , , , , , , , , , , , , , , , , , , , , , , , , , , , , , , , , , , , , , , , , , , , , , , , , , , ,13.1053,121.633,7, , , , , , , , , , , , , , , , , , , , , , , , , , , ,7,244
1884343N14124,1884,50,WP,MM,NOT_NAMED,1884-12-09 03:00:00,NR,12.9512,121.308, , , ,main,0,0,__________P___, , , , , , , , ,-5, , , , , , , , , , , , , , , , , , , , , , , , , , , , , , , , , , , , , , , , , , , , , , , , , , , , , , , , , , , , , , , , , , , , , , , , , , , , , , , , , , , , , , , , , , , , , , , , , , , , , , , , , ,12.9512,121.308,7, , , , , , , , , , , , , , , , , , , , , , , , , , , ,7,244
1884343N14124,1884,50,WP,MM,NOT_NAMED,1884-12-09 04:00:00,NR,12.9000,121.200, , , ,main,0,0,__________O___, , , , , , , , ,-5, , , , , , , , , , , , , , , , , , , , , , , , , , , , , , , , , , , , , , , , , , , , , , , , , , , , , , , , , , , , , , , , , , , , , , , , , , , , , , , , , , , , , , , , , , , , , , , , , , , , , , , , , ,12.9000,121.200,7, , , , , , , , , , , , , , , , , , , , , , , , , , , ,7,246
1884343N14124,1884,50,WP,MM,NOT_NAMED,1884-12-09 06:00:00,NR,12.8130,120.984, , , ,main,0,0,__________P___, , , , , , , , ,-5, , , , , , , , , , , , , , , , , , , , , , , , , , , , , , , , , , , , , , , , , , , , , , , , , , , , , , , , , , , , , , , , , , , , , , , , , , , , , , , , , , , , , , , , , , , , , , , , , , , , , , , , , ,12.8130,120.984,7, , , , , , , , , , , , , , , , , , , , , , , , , , , ,7,248
1884343N14124,1884,50,WP,MM,NOT_NAMED,1884-12-09 09:00:00,NR,12.6829,120.659, , , ,main,10,21,__________P___, , , , , , , , ,-5, , , , , , , , , , , , , , , , , , , , , , , , , , , , , , , , , , , , , , , , , , , , , , , , , , , , , , , , , , , , , , , , , , , , , , , , , , , , , , , , , , , , , , , , , , , , , , , , , , , , , , , , , ,12.6829,120.659,7, , , , , , , , , , , , , , , , , , , , , , , , , , , ,7,247
1884343N14124,1884,50,WP,MM,NOT_NAMED,1884-12-09 12:00:00,NR,12.5394,120.334, , , ,main,58,58,__________P___, , , , , , , , ,-5, , , , , , , , , , , , , , , , , , , , , , , , , , , , , , , , , , , , , , , , , , , , , , , , , , , , , , , , , , , , , , , , , , , , , , , , , , , , , , , , , , , , , , , , , , , , , , , , , , , , , , , , , ,12.5394,120.334,7, , , , , , , , , , , , , , , , , , , , , , , , , , , ,7,244
1884343N14124,1884,50,WP,MM,NOT_NAMED,1884-12-09 15:00:00,NR,12.3667,120.008, , , ,main,93,93,__________P___, , , , , , , , ,-5, , , , , , , , , , , , , , , , , , , , , , , , , , , , , , , , , , , , , , , , , , , , , , , , , , , , , , , , , , , , , , , , , , , , , , , , , , , , , , , , , , , , , , , , , , , , , , , , , , , , , , , , , ,12.3667,120.008,7, , , , , , , , , , , , , , , , , , , , , , , , , , , ,7,241
1884343N14124,1884,50,WP,MM,NOT_NAMED,1884-12-09 16:00:00,NR,12.3000,119.900, , , ,main,107,101,__________O___, , , , , , , , ,-5, , , , , , , , , , , , , , , , , , , , , , , , , , , , , , , , , , , , , , , , , , , , , , , , , , , , , , , , , , , , , , , , , , , , , , , , , , , , , , , , , , , , , , , , , , , , , , , , , , , , , , , , , ,12.3000,119.900,7, , , , , , , , , , , , , , , , , , , , , , , , , , , ,8,236
1884343N14124,1884,50,WP,MM,NOT_NAMED,1884-12-09 18:00:00,NR,12.1504,119.683, , , ,main,101,68,__________P___, , , , , , , , ,-5, , , , , , , , , , , , , , , , , , , , , , , , , , , , , , , , , , , , , , , , , , , , , , , , , , , , , , , , , , , , , , , , , , , , , , , , , , , , , , , , , , , , , , , , , , , , , , , , , , , , , , , , , ,12.1504,119.683,7, , , , , , , , , , , , , , , , , , , , , , , , , , , ,8,233
1884343N14124,1884,50,WP,MM,NOT_NAMED,1884-12-09 21:00:00,NR,11.8946,119.358, , , ,main,68,55,__________P___, , , , , , , , ,-5, , , , , , , , , , , , , , , , , , , , , , , , , , , , , , , , , , , , , , , , , , , , , , , , , , , , , , , , , , , , , , , , , , , , , , , , , , , , , , , , , , , , , , , , , , , , , , , , , , , , , , , , , ,11.8946,119.358,7, , , , , , , , , , , , , , , , , , , , , , , , , , , ,8,230
1884343N14124,1884,50,WP,MM,NOT_NAMED,1884-12-10 00:00:00,NR,11.6095,119.033, , , ,main,62,55,__________P___, , , , , , , , ,-5, , , , , , , , , , , , , , , , , , , , , , , , , , , , , , , , , , , , , , , , , , , , , , , , , , , , , , , , , , , , , , , , , , , , , , , , , , , , , , , , , , , , , , , , , , , , , , , , , , , , , , , , , ,11.6095,119.033,7, , , , , , , , , , , , , , , , , , , , , , , , , , , ,9,227
1884343N14124,1884,50,WP,MM,NOT_NAMED,1884-12-10 03:00:00,NR,11.3045,118.708, , , ,main,77,77,__________P___, , , , , , , , ,-5, , , , , , , , , , , , , , , , , , , , , , , , , , , , , , , , , , , , , , , , , , , , , , , , , , , , , , , , , , , , , , , , , , , , , , , , , , , , , , , , , , , , , , , , , , , , , , , , , , , , , , , , , ,11.3045,118.708,7, , , , , , , , , , , , , , , , , , , , , , , , , , , ,9,226
1884343N14124,1884,50,WP,MM,NOT_NAMED,1884-12-10 04:00:00,NR,11.2000,118.600, , , ,main,83,83,__________O___, , , , , , , , ,-5, , , , , , , , , , , , , , , , , , , , , , , , , , , , , , , , , , , , , , , , , , , , , , , , , , , , , , , , , , , , , , , , , , , , , , , , , , , , , , , , , , , , , , , , , , , , , , , , , , , , , , , , , ,11.2000,118.600,7, , , , , , , , , , , , , , , , , , , , , , , , , , , ,9,226
1884343N14124,1884,50,WP,MM,NOT_NAMED,1884-12-10 06:00:00,NR,10.9999,118.389, , , ,main,98,98,__________P___, , , , , , , , ,-5, , , , , , , , , , , , , , , , , , , , , , , , , , , , , , , , , , , , , , , , , , , , , , , , , , , , , , , , , , , , , , , , , , , , , , , , , , , , , , , , , , , , , , , , , , , , , , , , , , , , , , , , , ,10.9999,118.389,7, , , , , , , , , , , , , , , , , , , , , , , , , , , ,9,225
1884343N14124,1884,50,WP,MM,NOT_NAMED,1884-12-10 09:00:00,NR,10.6873,118.072, , , ,main,101,101,__________P___, , , , , , , , ,-5, , , , , , , , , , , , , , , , , , , , , , , , , , , , , , , , , , , , , , , , , , , , , , , , , , , , , , , , , , , , , , , , , , , , , , , , , , , , , , , , , , , , , , , , , , , , , , , , , , , , , , , , , ,10.6873,118.072,7, , , , , , , , , , , , , , , , , , , , , , , , , , , ,9,224
1884343N14124,1884,50,WP,MM,NOT_NAMED,1884-12-10 12:00:00,NR,10.3598,117.749, , , ,main,117,99,__________P___, , , , , , , , ,-5, , , , , , , , , , , , , , , , , , , , , , , , , , , , , , , , , , , , , , , , , , , , , , , , , , , , , , , , , , , , , , , , , , , , , , , , , , , , , , , , , , , , , , , , , , , , , , , , , , , , , , , , , ,10.3598,117.749,7, , , , , , , , , , , , , , , , , , , , , , , , , , , ,9,224
1884343N14124,1884,50,WP,MM,NOT_NAMED,1884-12-10 15:00:00,NR,10.0174,117.415, , , ,main,99,95,__________P___, , , , , , , , ,-5, , , , , , , , , , , , , , , , , , , , , , , , , , , , , , , , , , , , , , , , , , , , , , , , , , , , , , , , , , , , , , , , , , , , , , , , , , , , , , , , , , , , , , , , , , , , , , , , , , , , , , , , , ,10.0174,117.415,7, , , , , , , , , , , , , , , , , , , , , , , , , , , ,10,224
1884343N14124,1884,50,WP,MM,NOT_NAMED,1884-12-10 16:00:00,NR,9.90000,117.300, , , ,main,95,94,__________O___, , , , , , , , ,-5, , , , , , , , , , , , , , , , , , , , , , , , , , , , , , , , , , , , , , , , , , , , , , , , , , , , , , , , , , , , , , , , , , , , , , , , , , , , , , , , , , , , , , , , , , , , , , , , , , , , , , , , , ,9.90000,117.300,7, , , , , , , , , , , , , , , , , , , , , , , , , , , ,10,224
1884343N14124,1884,50,WP,MM,NOT_NAMED,1884-12-10 18:00:00,NR,9.66036,117.063, , , ,main,94,94,__________P___, , , , , , , , ,-5, , , , , , , , , , , , , , , , , , , , , , , , , , , , , , , , , , , , , , , , , , , , , , , , , , , , , , , , , , , , , , , , , , , , , , , , , , , , , , , , , , , , , , , , , , , , , , , , , , , , , , , , , ,9.66036,117.063,7, , , , , , , , , , , , , , , , , , , , , , , , , , , ,10,224
1884343N14124,1884,50,WP,MM,NOT_NAMED,1884-12-10 21:00:00,NR,9.29077,116.695, , , ,main,98,94,__________P___, , , , , , , , ,-5, , , , , , , , , , , , , , , , , , , , , , , , , , , , , , , , , , , , , , , , , , , , , , , , , , , , , , , , , , , , , , , , , , , , , , , , , , , , , , , , , , , , , , , , , , , , , , , , , , , , , , , , , ,9.29077,116.695,7, , , , , , , , , , , , , , , , , , , , , , , , , , , ,11,225
1884343N14124,1884,50,WP,MM,NOT_NAMED,1884-12-11 00:00:00,NR,8.91225,116.315, , , ,main,115,112,__________P___, , , , , , , , ,-5, , , , , , , , , , , , , , , , , , , , , , , , , , , , , , , , , , , , , , , , , , , , , , , , , , , , , , , , , , , , , , , , , , , , , , , , , , , , , , , , , , , , , , , , , , , , , , , , , , , , , , , , , ,8.91225,116.315,7, , , , , , , , , , , , , , , , , , , , , , , , , , , ,11,225
1884343N14124,1884,50,WP,MM,NOT_NAMED,1884-12-11 03:00:00,NR,8.52846,115.929, , , ,main,144,144,__________P___, , , , , , , , ,-5, , , , , , , , , , , , , , , , , , , , , , , , , , , , , , , , , , , , , , , , , , , , , , , , , , , , , , , , , , , , , , , , , , , , , , , , , , , , , , , , , , , , , , , , , , , , , , , , , , , , , , , , , ,8.52846,115.929,7, , , , , , , , , , , , , , , , , , , , , , , , , , , ,11,225
1884343N14124,1884,50,WP,MM,NOT_NAMED,1884-12-11 04:00:00,NR,8.40000,115.800, , , ,main,154, ,__________O___, , , , , , , , ,-5, , , , , , , , , , , , , , , , , , , , , , , , , , , , , , , , , , , , , , , , , , , , , , , , , , , , , , , , , , , , , , , , , , , , , , , , , , , , , , , , , , , , , , , , , , , , , , , , , , , , , , , , , ,8.40000,115.800,7, , , , , , , , , , , , , , , , , , , , , , , , , , , ,11,225
1885115N11127,1885,18,WP,MM,NOT_NAMED,1885-04-24 16:00:00,NR,10.8000,127.300, , , ,main,165,100,__________O___, , , , , , , , ,-5, , , , , , , , , , , , , , , , , , , , , , , , , , , , , , , , , , , , , , , , , , , , , , , , , , , , , , , , , , , , , , , , , , , , , , , , , , , , , , , , , , , , , , , , , , , , , , , , , , , , , , , , , ,10.8000,127.300,7, , , , , , , , , , , , , , , , , , , , , , , , , , , ,17,271
1885115N11127,1885,18,WP,MM,NOT_NAMED,1885-04-24 18:00:00,NR,10.8052,126.726, , , ,main,100,24,__________P___, , , , , , , , ,-5, , , , , , , , , , , , , , , , , , , , , , , , , , , , , , , , , , , , , , , , , , , , , , , , , , , , , , , , , , , , , , , , , , , , , , , , , , , , , , , , , , , , , , , , , , , , , , , , , , , , , , , , , ,10.8052,126.726,7, , , , , , , , , , , , , , , , , , , , , , , , , , , ,17,270
1885115N11127,1885,18,WP,MM,NOT_NAMED,1885-04-24 21:00:00,NR,10.8098,125.892, , , ,main,24,10,__________P___, , , , , , , , ,-5, , , , , , , , , , , , , , , , , , , , , , , , , , , , , , , , , , , , , , , , , , , , , , , , , , , , , , , , , , , , , , , , , , , , , , , , , , , , , , , , , , , , , , , , , , , , , , , , , , , , , , , , , ,10.8098,125.892,7, , , , , , , , , , , , , , , , , , , , , , , , , , , ,16,270
1885115N11127,1885,18,WP,MM,NOT_NAMED,1885-04-25 00:00:00,NR,10.8096,125.130, , , ,main,10,0,__________P___, , , , , , , , ,-5, , , , , , , , , , , , , , , , , , , , , , , , , , , , , , , , , , , , , , , , , , , , , , , , , , , , , , , , , , , , , , , , , , , , , , , , , , , , , , , , , , , , , , , , , , , , , , , , , , , , , , , , , ,10.8096,125.130,7, , , , , , , , , , , , , , , , , , , , , , , , , , , ,14,270
1885115N11127,1885,18,WP,MM,NOT_NAMED,1885-04-25 03:00:00,NR,10.8035,124.483, , , ,main,11,11,__________P___, , , , , , , , ,-5, , , , , , , , , , , , , , , , , , , , , , , , , , , , , , , , , , , , , , , , , , , , , , , , , , , , , , , , , , , , , , , , , , , , , , , , , , , , , , , , , , , , , , , , , , , , , , , , , , , , , , , , , ,10.8035,124.483,7, , , , , , , , , , , , , , , , , , , , , , , , , , , ,12,269
1885115N11127,1885,18,WP,MM,NOT_NAMED,1885-04-25 04:00:00,NR,10.8000,124.300, , , ,main,15,0,__________O___, , , , , , , , ,-5, , , , , , , , , , , , , , , , , , , , , , , , , , , , , , , , , , , , , , , , , , , , , , , , , , , , , , , , , , , , , , , , , , , , , , , , , , , , , , , , , , , , , , , , , , , , , , , , , , , , , , , , , ,10.8000,124.300,4, , , , , , , , , , , , , , , , , , , , , , , , , , , ,10,269
1885115N11127,1885,18,WP,MM,NOT_NAMED,1885-04-25 06:00:00,NR,10.7908,123.989, , , ,main,0,0,__________P___, , , , , , , , ,-5, , , , , , , , , , , , , , , , , , , , , , , , , , , , , , , , , , , , , , , , , , , , , , , , , , , , , , , , , , , , , , , , , , , , , , , , , , , , , , , , , , , , , , , , , , , , , , , , , , , , , , , , , ,10.7908,123.989,4, , , , , , , , , , , , , , , , , , , , , , , , , , , ,8,268
1885115N11127,1885,18,WP,MM,NOT_NAMED,1885-04-25 09:00:00,NR,10.7715,123.630, , , ,main,0,0,__________P___, , , , , , , , ,-5, , , , , , , , , , , , , , , , , , , , , , , , , , , , , , , , , , , , , , , , , , , , , , , , , , , , , , , , , , , , , , , , , , , , , , , , , , , , , , , , , , , , , , , , , , , , , , , , , , , , , , , , , ,10.7715,123.630,4, , , , , , , , , , , , , , , , , , , , , , , , , , , ,6,266
1885115N11127,1885,18,WP,MM,NOT_NAMED,1885-04-25 12:00:00,NR,10.7456,123.349, , , ,main,0,0,__________P___, , , , , , , , ,-5, , , , , , , , , , , , , , , , , , , , , , , , , , , , , , , , , , , , , , , , , , , , , , , , , , , , , , , , , , , , , , , , , , , , , , , , , , , , , , , , , , , , , , , , , , , , , , , , , , , , , , , , , ,10.7456,123.349,4, , , , , , , , , , , , , , , , , , , , , , , , , , , ,5,264
1885115N11127,1885,18,WP,MM,NOT_NAMED,1885-04-25 15:00:00,NR,10.7126,123.091, , , ,main,0,0,__________P___, , , , , , , , ,-5, , , , , , , , , , , , , , , , , , , , , , , , , , , , , , , , , , , , , , , , , , , , , , , , , , , , , , , , , , , , , , , , , , , , , , , , , , , , , , , , , , , , , , , , , , , , , , , , , , , , , , , , , ,10.7126,123.091,4, , , , , , , , , , , , , , , , , , , , , , , , , , , ,5,262
1885115N11127,1885,18,WP,MM,NOT_NAMED,1885-04-25 16:00:00,NR,10.7000,123.000, , , ,main,0,0,__________O___, , , , , , , , ,-5, , , , , , , , , , , , , , , , , , , , , , , , , , , , , , , , , , , , , , , , , , , , , , , , , , , , , , , , , , , , , , , , , , , , , , , , , , , , , , , , , , , , , , , , , , , , , , , , , , , , , , , , , ,10.7000,123.000,4, , , , , , , , , , , , , , , , , , , , , , , , , , , ,6,262
1885115N11127,1885,18,WP,MM,NOT_NAMED,1885-04-25 18:00:00,NR,10.6722,122.802, , , ,main,10,10,__________P___, , , , , , , , ,-5, , , , , , , , , , , , , , , , , , , , , , , , , , , , , , , , , , , , , , , , , , , , , , , , , , , , , , , , , , , , , , , , , , , , , , , , , , , , , , , , , , , , , , , , , , , , , , , , , , , , , , , , , ,10.6722,122.802,4, , , , , , , , , , , , , , , , , , , , , , , , , , , ,6,262
1885115N11127,1885,18,WP,MM,NOT_NAMED,1885-04-25 21:00:00,NR,10.6252,122.470, , , ,main,11,0,__________P___, , , , , , , , ,-5, , , , , , , , , , , , , , , , , , , , , , , , , , , , , , , , , , , , , , , , , , , , , , , , , , , , , , , , , , , , , , , , , , , , , , , , , , , , , , , , , , , , , , , , , , , , , , , , , , , , , , , , , ,10.6252,122.470,4, , , , , , , , , , , , , , , , , , , , , , , , , , , ,7,262
1885115N11127,1885,18,WP,MM,NOT_NAMED,1885-04-26 00:00:00,NR,10.5734,122.108, , , ,main,0,0,__________P___, , , , , , , , ,-5, , , , , , , , , , , , , , , , , , , , , , , , , , , , , , , , , , , , , , , , , , , , , , , , , , , , , , , , , , , , , , , , , , , , , , , , , , , , , , , , , , , , , , , , , , , , , , , , , , , , , , , , , ,10.5734,122.108,4, , , , , , , , , , , , , , , , , , , , , , , , , , , ,7,262
1885115N11127,1885,18,WP,MM,NOT_NAMED,1885-04-26 03:00:00,NR,10.5186,121.728, , , ,main,24,24,__________P___, , , , , , , , ,-5, , , , , , , , , , , , , , , , , , , , , , , , , , , , , , , , , , , , , , , , , , , , , , , , , , , , , , , , , , , , , , , , , , , , , , , , , , , , , , , , , , , , , , , , , , , , , , , , , , , , , , , , , ,10.5186,121.728,4, , , , , , , , , , , , , , , , , , , , , , , , , , , ,8,262
1885115N11127,1885,18,WP,MM,NOT_NAMED,1885-04-26 04:00:00,NR,10.5000,121.600, , , ,main,34, ,__________O___, , , , , , , , ,-5, , , , , , , , , , , , , , , , , , , , , , , , , , , , , , , , , , , , , , , , , , , , , , , , , , , , , , , , , , , , , , , , , , , , , , , , , , , , , , , , , , , , , , , , , , , , , , , , , , , , , , , , , ,10.5000,121.600,7, , , , , , , , , , , , , , , , , , , , , , , , , , , ,8,261
1885181N19131,1885,26,WP,MM,NOT_NAMED,1885-06-29 16:00:00,NR,19.4000,130.500, , , ,main,869,842,__________O___, , , , , , , , ,-5, , , , , , , , , , , , , , , , , , , , , , , , , , , , , , , , , , , , , , , , , , , , , , , , , , , , , , , , , , , , , , , , , , , , , , , , , , , , , , , , , , , , , , , , , , , , , , , , , , , , , , , , , ,19.4000,130.500,7, , , , , , , , , , , , , , , , , , , , , , , , , , , ,26,337
1885181N19131,1885,26,WP,MM,NOT_NAMED,1885-06-29 18:00:00,NR,20.2015,130.143, , , ,main,842,829,__________P___, , , , , , , , ,-5, , , , , , , , , , , , , , , , , , , , , , , , , , , , , , , , , , , , , , , , , , , , , , , , , , , , , , , , , , , , , , , , , , , , , , , , , , , , , , , , , , , , , , , , , , , , , , , , , , , , , , , , , ,20.2015,130.143,7, , , , , , , , , , , , , , , , , , , , , , , , , , , ,26,337
1885181N19131,1885,26,WP,MM,NOT_NAMED,1885-06-29 21:00:00,NR,21.4035,129.601, , , ,main,833,753,__________P___, , , , , , , , ,-5, , , , , , , , , , , , , , , , , , , , , , , , , , , , , , , , , , , , , , , , , , , , , , , , , , , , , , , , , , , , , , , , , , , , , , , , , , , , , , , , , , , , , , , , , , , , , , , , , , , , , , , , , ,21.4035,129.601,7, , , , , , , , , , , , , , , , , , , , , , , , , , , ,26,337
1885181N19131,1885,26,WP,MM,NOT_NAMED,1885-06-30 00:00:00,NR,22.6040,129.050, , , ,main,753,671,__________P___, , , , , , , , ,-5, , , , , , , , , , , , , , , , , , , , , , , , , , , , , , , , , , , , , , , , , , , , , , , , , , , , , , , , , , , , , , , , , , , , , , , , , , , , , , , , , , , , , , , , , , , , , , , , , , , , , , , , , ,22.6040,129.050,7, , , , , , , , , , , , , , , , , , , , , , , , , , , ,26,337
1885181N19131,1885,26,WP,MM,NOT_NAMED,1885-06-30 03:00:00,NR,23.8017,128.489, , , ,main,671,644,__________P___, , , , , , , , ,-5, , , , , , , , , , , , , , , , , , , , , , , , , , , , , , , , , , , , , , , , , , , , , , , , , , , , , , , , , , , , , , , , , , , , , , , , , , , , , , , , , , , , , , , , , , , , , , , , , , , , , , , , , ,23.8017,128.489,7, , , , , , , , , , , , , , , , , , , , , , , , , , , ,26,337
1885181N19131,1885,26,WP,MM,NOT_NAMED,1885-06-30 04:00:00,NR,24.2000,128.300, , , ,main,642, ,__________O___, , , , , , , , ,-5, , , , , , , , , , , , , , , , , , , , , , , , , , , , , , , , , , , , , , , , , , , , , , , , , , , , , , , , , , , , , , , , , , , , , , , , , , , , , , , , , , , , , , , , , , , , , , , , , , , , , , , , , ,24.2000,128.300,7, , , , , , , , , , , , , , , , , , , , , , , , , , , ,26,337